observation_name,3.2.1.91,3.2.1.4,3.1.1.73,3.2.1.150,4.2.2.10,3.2.1.67,3.2.1.15,3.2.1.8,3.2.1.37,1.1.1.67,3.2.1.23,3.2.1.89,3.2.1.181,3.2.1.164,3.1.1.1,3.5.1.4,3.5.5.1,4.1.1.105,4.1.1.28,2.6.1.1,2.6.1.27,4.2.99.21,5.4.4.2,2.3.1.16,1.3.1.42,1.3.3.6,1.14.13.1,1.13.11.4,PWY-6784,PWY-6788,PWY-6717,PWY-7248,PWY-6807,PWY-581,PWY-3161,PWY-5025,PWY-5026,TRPIAACAT-PWY,PWY-6406,PWY-8321,PWY-735,PWY-6183,PWY-6640
AF001-Bn-Y1-S1-LF-4F-01,3,8,3,0,1,4,2,4,3,0,2,1,0,0,3,8,1,3,3,3,2,0,2,0,2,1,9,1,2/3,3/3,2/2,3/5,7/8,3/12,NA,NA,1/1,1/3,1/2,1/3,1/19,1/1,1/5
AF001-Bn-Y1-S1-LF-4F-04,3,8,3,0,1,4,2,4,3,0,2,1,0,0,3,8,1,3,3,3,2,0,2,0,2,1,9,1,2/3,3/3,2/2,3/5,7/8,3/12,NA,NA,1/1,1/3,1/2,1/3,1/19,1/1,1/5
AF001-Bn-Y1-S1-LF-4F-05,3,8,3,0,1,4,2,4,3,0,2,1,0,0,3,8,1,3,3,3,2,0,2,0,2,1,9,1,2/3,3/3,2/2,3/5,7/8,3/12,NA,NA,1/1,1/3,1/2,1/3,1/19,1/1,1/5
AF001-Bn-Y1-S1-RH-4F-02,1,8,4,0,0,4,1,3,2,0,1,0,0,1,1,9,3,4,4,2,1,0,1,1,2,0,6,0,2/3,3/3,2/2,3/5,7/8,2/12,NA,NA,1/1,NA,1/2,1/3,1/19,1/1,NA
AF001-Bn-Y1-S1-RH-4F-04,1,8,4,0,0,4,1,3,2,0,1,0,0,1,1,9,3,4,4,2,1,0,1,1,2,0,6,0,2/3,3/3,2/2,3/5,7/8,2/12,NA,NA,1/1,NA,1/2,1/3,1/19,1/1,NA
AF001-Bn-Y1-S2-LF-15F-01,3,8,3,0,1,4,2,4,3,0,2,1,0,0,3,8,1,3,3,3,2,0,2,0,2,1,9,1,2/3,3/3,2/2,3/5,7/8,3/12,NA,NA,1/1,1/3,1/2,1/3,1/19,1/1,1/5
AF001-Bn-Y1-S2-LF-15F-03,3,8,3,0,1,4,2,4,3,0,2,1,0,0,3,8,1,3,3,3,2,0,2,0,2,1,9,1,2/3,3/3,2/2,3/5,7/8,3/12,NA,NA,1/1,1/3,1/2,1/3,1/19,1/1,1/5
AF001-Bn-Y1-S2-LF-15F-05,2,7,4,0,2,5,2,3,1,1,2,1,1,0,4,9,2,3,3,2,1,1,2,1,1,2,11,0,2/3,3/3,2/2,3/5,5/8,3/12,NA,NA,1/1,1/3,2/2,1/3,2/19,1/1,NA
AF001-Bn-Y1-S2-LF-1F-01,1,7,5,0,2,2,3,3,2,1,3,1,0,0,2,10,2,3,3,2,2,0,1,1,2,1,7,0,2/3,3/3,2/2,3/5,7/8,3/12,NA,NA,1/1,1/3,1/2,1/3,2/19,1/1,NA
AF001-Bn-Y1-S2-LF-1F-03,3,8,3,0,1,4,2,4,3,0,2,1,0,0,3,8,1,3,3,3,2,0,2,0,2,1,9,1,2/3,3/3,2/2,3/5,7/8,3/12,NA,NA,1/1,1/3,1/2,1/3,1/19,1/1,1/5
AF001-Bn-Y1-S2-LF-1F-04,3,8,3,0,1,4,2,4,3,0,2,1,0,0,3,8,1,3,3,3,2,0,2,0,2,1,9,1,2/3,3/3,2/2,3/5,7/8,3/12,NA,NA,1/1,1/3,1/2,1/3,1/19,1/1,1/5
AF001-Bn-Y1-S2-LF-1F-07,3,8,3,0,1,4,2,4,3,0,2,1,0,0,3,8,1,3,3,3,2,0,2,0,2,1,9,1,2/3,3/3,2/2,3/5,7/8,3/12,NA,NA,1/1,1/3,1/2,1/3,1/19,1/1,1/5
AF001-Bn-Y1-S2-LF-4F-04,3,8,3,0,1,4,2,4,3,0,2,1,0,0,3,8,1,3,3,3,2,0,2,0,2,1,9,1,2/3,3/3,2/2,3/5,7/8,3/12,NA,NA,1/1,1/3,1/2,1/3,1/19,1/1,1/5
AF001-Bn-Y1-S2-RO-4F-01,2,6,6,0,1,4,1,2,1,1,2,1,0,0,6,10,3,3,3,2,2,0,1,2,2,2,8,1,2/3,3/3,2/2,3/5,5/8,3/12,NA,NA,1/1,1/3,1/2,1/3,2/19,1/1,1/5
AF002-Bn-Y1-S1-RH-4F-02,1,8,4,0,0,4,1,3,2,0,1,0,0,1,1,9,3,4,4,2,1,0,1,1,2,0,6,0,2/3,3/3,2/2,3/5,7/8,2/12,NA,NA,1/1,NA,1/2,1/3,1/19,1/1,NA
AF002-Bn-Y1-S1-RH-4F-03,1,8,4,0,0,4,1,3,2,0,1,0,0,1,1,9,3,4,4,2,1,0,1,1,2,0,6,0,2/3,3/3,2/2,3/5,7/8,2/12,NA,NA,1/1,NA,1/2,1/3,1/19,1/1,NA
AF002-Bn-Y1-S1-RO-4F-04,2,6,6,0,1,4,1,2,1,1,2,1,0,0,6,10,3,3,3,2,2,0,1,2,2,2,8,1,2/3,3/3,2/2,3/5,5/8,3/12,NA,NA,1/1,1/3,1/2,1/3,2/19,1/1,1/5
AF002-Bn-Y1-S2-LF-1F-01,2,6,6,0,1,4,1,2,1,1,2,1,0,0,6,10,3,3,3,2,2,0,1,2,2,2,8,1,2/3,3/3,2/2,3/5,5/8,3/12,NA,NA,1/1,1/3,1/2,1/3,2/19,1/1,1/5
AF002-Bn-Y1-S2-LF-1F-02,0,4,3,0,0,1,0,0,0,0,1,0,0,0,0,5,0,1,1,3,1,0,1,0,2,2,1,1,1/3,2/3,1/2,3/5,6/8,4/12,1/2,1/2,1/1,1/3,1/2,1/3,2/19,1/1,1/5
AF002-Bn-Y1-S2-LF-1F-05,3,8,3,0,1,4,2,4,3,0,2,1,0,0,3,8,1,3,3,3,2,0,2,0,2,1,9,1,2/3,3/3,2/2,3/5,7/8,3/12,NA,NA,1/1,1/3,1/2,1/3,1/19,1/1,1/5
AF002-Bn-Y1-S2-RH-4F-03,2,6,6,0,1,4,1,2,1,1,2,1,0,0,6,10,3,3,3,2,2,0,1,2,2,2,8,1,2/3,3/3,2/2,3/5,5/8,3/12,NA,NA,1/1,1/3,1/2,1/3,2/19,1/1,1/5
AF003-Bn-Y1-S1-RH-4F-01,2,6,6,0,1,4,1,2,1,1,2,1,0,0,6,10,3,3,3,2,2,0,1,2,2,2,8,1,2/3,3/3,2/2,3/5,5/8,3/12,NA,NA,1/1,1/3,1/2,1/3,2/19,1/1,1/5
AF003-Bn-Y1-S1-RH-4F-02,2,6,6,0,1,4,1,2,1,1,2,1,0,0,6,10,3,3,3,2,2,0,1,2,2,2,8,1,2/3,3/3,2/2,3/5,5/8,3/12,NA,NA,1/1,1/3,1/2,1/3,2/19,1/1,1/5
AF003-Bn-Y1-S2-LF-15F-01,1,7,5,0,2,2,3,3,2,1,3,1,0,0,2,10,2,3,3,2,2,0,1,1,2,1,7,0,2/3,3/3,2/2,3/5,7/8,3/12,NA,NA,1/1,1/3,1/2,1/3,2/19,1/1,NA
AF003-Bn-Y1-S2-LF-15F-02,3,8,3,0,1,4,2,4,3,0,2,1,0,0,3,8,1,3,3,3,2,0,2,0,2,1,9,1,2/3,3/3,2/2,3/5,7/8,3/12,NA,NA,1/1,1/3,1/2,1/3,1/19,1/1,1/5
AF003-Bn-Y1-S2-LF-15F-03,2,6,6,0,1,4,1,2,1,1,2,1,0,0,6,10,3,3,3,2,2,0,1,2,2,2,8,1,2/3,3/3,2/2,3/5,5/8,3/12,NA,NA,1/1,1/3,1/2,1/3,2/19,1/1,1/5
AF003-Bn-Y1-S2-LF-1F-01,3,8,3,0,1,4,2,4,3,0,2,1,0,0,3,8,1,3,3,3,2,0,2,0,2,1,9,1,2/3,3/3,2/2,3/5,7/8,3/12,NA,NA,1/1,1/3,1/2,1/3,1/19,1/1,1/5
AF003-Bn-Y1-S2-RH-15F-01,2,6,6,0,1,4,1,2,1,1,2,1,0,0,6,10,3,3,3,2,2,0,1,2,2,2,8,1,2/3,3/3,2/2,3/5,5/8,3/12,NA,NA,1/1,1/3,1/2,1/3,2/19,1/1,1/5
AF003-Bn-Y1-S2-RH-4F-01,1,8,4,0,0,4,1,3,2,0,1,0,0,1,1,9,3,4,4,2,1,0,1,1,2,0,6,0,2/3,3/3,2/2,3/5,7/8,2/12,NA,NA,1/1,NA,1/2,1/3,1/19,1/1,NA
AF003-Bn-Y1-S2-RH-4F-02,1,8,4,0,0,4,1,3,2,0,1,0,0,1,1,9,3,4,4,2,1,0,1,1,2,0,6,0,2/3,3/3,2/2,3/5,7/8,2/12,NA,NA,1/1,NA,1/2,1/3,1/19,1/1,NA
AF004-Bn-Y1-S1-LF-4F-02,2,6,4,0,2,2,1,3,2,1,3,1,1,0,3,12,2,3,3,3,1,0,1,1,2,2,8,1,2/3,3/3,2/2,3/5,7/8,2/12,NA,NA,1/1,NA,1/2,1/3,2/19,1/1,1/5
AF004-Bn-Y1-S1-RH-4F-02,2,8,4,0,2,3,1,5,3,1,3,1,1,0,2,13,1,4,4,3,2,0,1,1,1,2,5,1,2/3,3/3,2/2,3/5,7/8,3/12,NA,NA,1/1,1/3,1/2,1/3,1/19,1/1,1/5
AF004-Bn-Y1-S1-RO-4F-02,1,9,3,0,1,1,0,3,2,0,3,1,1,0,3,9,2,3,3,2,2,0,1,1,2,0,6,0,2/3,3/3,2/2,3/5,5/8,3/12,NA,NA,1/1,1/3,1/2,1/3,1/19,1/1,NA
AF004-Bn-Y1-S2-RH-4F-01,2,6,6,0,1,4,1,2,1,1,2,1,0,0,6,10,3,3,3,2,2,0,1,2,2,2,8,1,2/3,3/3,2/2,3/5,5/8,3/12,NA,NA,1/1,1/3,1/2,1/3,2/19,1/1,1/5
AF005-Bn-Y1-S1-LF-4F-01,1,8,4,0,0,4,1,3,2,0,1,0,0,1,1,9,3,4,4,2,1,0,1,1,2,0,6,0,2/3,3/3,2/2,3/5,7/8,2/12,NA,NA,1/1,NA,1/2,1/3,1/19,1/1,NA
AF005-Bn-Y1-S1-RH-4F-01,2,6,6,0,1,4,1,2,1,1,2,1,0,0,6,10,3,3,3,2,2,0,1,2,2,2,8,1,2/3,3/3,2/2,3/5,5/8,3/12,NA,NA,1/1,1/3,1/2,1/3,2/19,1/1,1/5
AF005-Bn-Y1-S1-RH-4F-02,2,6,6,0,1,4,1,2,1,1,2,1,0,0,6,10,3,3,3,2,2,0,1,2,2,2,8,1,2/3,3/3,2/2,3/5,5/8,3/12,NA,NA,1/1,1/3,1/2,1/3,2/19,1/1,1/5
AF005-Bn-Y1-S1-RH-4F-03,1,8,4,0,0,4,1,3,2,0,1,0,0,1,1,9,3,4,4,2,1,0,1,1,2,0,6,0,2/3,3/3,2/2,3/5,7/8,2/12,NA,NA,1/1,NA,1/2,1/3,1/19,1/1,NA
AF005-Bn-Y1-S1-RO-4F-01,1,8,4,0,0,4,1,3,2,0,1,0,0,1,1,9,3,4,4,2,1,0,1,1,2,0,6,0,2/3,3/3,2/2,3/5,7/8,2/12,NA,NA,1/1,NA,1/2,1/3,1/19,1/1,NA
AF005-Bn-Y1-S2-LF-1F-01,2,6,6,0,1,4,1,2,1,1,2,1,0,0,6,10,3,3,3,2,2,0,1,2,2,2,8,1,2/3,3/3,2/2,3/5,5/8,3/12,NA,NA,1/1,1/3,1/2,1/3,2/19,1/1,1/5
AF005-Bn-Y1-S2-LF-4F-02,2,6,6,0,1,4,1,2,1,1,2,1,0,0,6,10,3,3,3,2,2,0,1,2,2,2,8,1,2/3,3/3,2/2,3/5,5/8,3/12,NA,NA,1/1,1/3,1/2,1/3,2/19,1/1,1/5
AF005-Bn-Y1-S2-RH-4F-01,2,6,6,0,1,4,1,2,1,1,2,1,0,0,6,10,3,3,3,2,2,0,1,2,2,2,8,1,2/3,3/3,2/2,3/5,5/8,3/12,NA,NA,1/1,1/3,1/2,1/3,2/19,1/1,1/5
AF005-Bn-Y1-S2-RO-1F-01,2,6,6,0,1,4,1,2,1,1,2,1,0,0,6,10,3,3,3,2,2,0,1,2,2,2,8,1,2/3,3/3,2/2,3/5,5/8,3/12,NA,NA,1/1,1/3,1/2,1/3,2/19,1/1,1/5
AF005-Bn-Y1-S2-RO-1F-02,1,7,5,0,2,2,3,3,2,1,3,1,0,0,2,10,2,3,3,2,2,0,1,1,2,1,7,0,2/3,3/3,2/2,3/5,7/8,3/12,NA,NA,1/1,1/3,1/2,1/3,2/19,1/1,NA
AF005-Bn-Y1-S2-RO-4F-03,0,5,1,0,0,1,0,0,0,0,1,0,0,0,0,6,2,3,3,4,2,0,1,1,0,3,2,1,1/3,2/3,1/2,3/5,6/8,3/12,NA,NA,1/1,1/3,1/2,1/3,1/19,1/1,1/5
AF006-Bn-Y1-S1-RO-4F-02,0,5,1,0,0,1,0,0,0,0,1,0,0,0,0,6,2,3,3,4,2,0,1,1,0,3,2,1,1/3,2/3,1/2,3/5,6/8,3/12,NA,NA,1/1,1/3,1/2,1/3,1/19,1/1,1/5
AF006-Bn-Y1-S2-LF-4F-01,2,6,6,0,1,4,1,2,1,1,2,1,0,0,6,10,3,3,3,2,2,0,1,2,2,2,8,1,2/3,3/3,2/2,3/5,5/8,3/12,NA,NA,1/1,1/3,1/2,1/3,2/19,1/1,1/5
AF006-Bn-Y1-S2-LF-4F-02,2,6,6,0,1,4,1,2,1,1,2,1,0,0,6,10,3,3,3,2,2,0,1,2,2,2,8,1,2/3,3/3,2/2,3/5,5/8,3/12,NA,NA,1/1,1/3,1/2,1/3,2/19,1/1,1/5
AF006-Bn-Y1-S2-RO-4F-01,2,6,6,0,1,4,1,2,1,1,2,1,0,0,6,10,3,3,3,2,2,0,1,2,2,2,8,1,2/3,3/3,2/2,3/5,5/8,3/12,NA,NA,1/1,1/3,1/2,1/3,2/19,1/1,1/5
AF006-Bn-Y1-S2-RO-4F-02,2,6,6,0,1,4,1,2,1,1,2,1,0,0,6,10,3,3,3,2,2,0,1,2,2,2,8,1,2/3,3/3,2/2,3/5,5/8,3/12,NA,NA,1/1,1/3,1/2,1/3,2/19,1/1,1/5
AF007-Bn-Y1-S1-LF-4F-02,2,6,6,0,1,4,1,2,1,1,2,1,0,0,6,10,3,3,3,2,2,0,1,2,2,2,8,1,2/3,3/3,2/2,3/5,5/8,3/12,NA,NA,1/1,1/3,1/2,1/3,2/19,1/1,1/5
AF007-Bn-Y1-S1-LF-4F-03,2,6,6,0,1,4,1,2,1,1,2,1,0,0,6,10,3,3,3,2,2,0,1,2,2,2,8,1,2/3,3/3,2/2,3/5,5/8,3/12,NA,NA,1/1,1/3,1/2,1/3,2/19,1/1,1/5
AF007-Bn-Y1-S1-RH-4F-01,2,6,6,0,1,4,1,2,1,1,2,1,0,0,6,10,3,3,3,2,2,0,1,2,2,2,8,1,2/3,3/3,2/2,3/5,5/8,3/12,NA,NA,1/1,1/3,1/2,1/3,2/19,1/1,1/5
AF007-Bn-Y1-S1-RO-4F-01,2,6,6,0,1,4,1,2,1,1,2,1,0,0,6,10,3,3,3,2,2,0,1,2,2,2,8,1,2/3,3/3,2/2,3/5,5/8,3/12,NA,NA,1/1,1/3,1/2,1/3,2/19,1/1,1/5
AF007-Bn-Y1-S2-LF-4F-03,2,6,6,0,1,4,1,2,1,1,2,1,0,0,6,10,3,3,3,2,2,0,1,2,2,2,8,1,2/3,3/3,2/2,3/5,5/8,3/12,NA,NA,1/1,1/3,1/2,1/3,2/19,1/1,1/5
AF008-Bn-Y1-S1-LF-4F-01,3,8,3,0,1,4,2,4,3,0,2,1,0,0,3,8,1,3,3,3,2,0,2,0,2,1,9,1,2/3,3/3,2/2,3/5,7/8,3/12,NA,NA,1/1,1/3,1/2,1/3,1/19,1/1,1/5
AF008-Bn-Y1-S1-LF-4F-02,3,8,3,0,1,4,2,4,3,0,2,1,0,0,3,8,1,3,3,3,2,0,2,0,2,1,9,1,2/3,3/3,2/2,3/5,7/8,3/12,NA,NA,1/1,1/3,1/2,1/3,1/19,1/1,1/5
AF008-Bn-Y1-S1-RH-4F-01,0,3,1,0,0,2,0,0,0,0,1,0,0,0,0,7,1,2,2,3,1,0,1,1,1,4,8,0,1/3,2/3,1/2,3/5,6/8,4/12,1/2,1/2,1/1,1/3,1/2,1/3,2/19,1/1,NA
AF008-Bn-Y1-S1-RH-4F-02,0,6,6,0,0,2,0,0,0,0,3,0,0,0,1,11,2,3,3,2,1,0,1,0,2,1,6,2,1/3,2/3,1/2,3/5,6/8,3/12,NA,NA,1/1,1/3,1/2,1/3,1/19,1/1,1/5
AF008-Bn-Y1-S1-RO-4F-01,0,3,1,0,0,2,0,0,0,0,1,0,0,0,0,7,1,2,2,3,1,0,1,1,1,3,3,0,1/3,2/3,1/2,3/5,6/8,4/12,1/2,1/2,1/1,1/3,1/2,1/3,2/19,1/1,NA
AF008-Bn-Y1-S2-LF-1F-01,2,8,4,0,2,3,1,5,3,1,3,1,1,0,2,13,1,4,4,3,2,0,1,1,1,2,5,1,2/3,3/3,2/2,3/5,7/8,3/12,NA,NA,1/1,1/3,1/2,1/3,1/19,1/1,1/5
AF008-Bn-Y1-S2-RH-1F-01,0,4,3,0,0,1,0,0,0,0,1,0,0,0,0,5,0,1,1,3,1,0,1,0,2,2,1,1,1/3,2/3,1/2,3/5,6/8,4/12,1/2,1/2,1/1,1/3,1/2,1/3,2/19,1/1,1/5
AF008-Bn-Y1-S2-RO-4F-01,0,4,3,0,0,1,0,0,0,0,1,0,0,0,0,5,0,1,1,3,1,0,1,1,2,2,1,1,1/3,2/3,1/2,3/5,6/8,4/12,1/2,1/2,1/1,1/3,1/2,1/3,2/19,1/1,1/5
AF009-Bn-Y1-S1-LF-4F-02,1,8,4,0,0,4,1,3,2,0,1,0,0,1,1,9,3,4,4,2,1,0,1,1,2,0,6,0,2/3,3/3,2/2,3/5,7/8,2/12,NA,NA,1/1,NA,1/2,1/3,1/19,1/1,NA
AF009-Bn-Y1-S1-LF-4F-03,2,6,6,0,1,4,1,2,1,1,2,1,0,0,6,10,3,3,3,2,2,0,1,2,2,2,8,1,2/3,3/3,2/2,3/5,5/8,3/12,NA,NA,1/1,1/3,1/2,1/3,2/19,1/1,1/5
AF009-Bn-Y1-S1-RH-4F-01,1,8,4,0,0,4,1,3,2,0,1,0,0,1,1,9,3,4,4,2,1,0,1,1,2,0,6,0,2/3,3/3,2/2,3/5,7/8,2/12,NA,NA,1/1,NA,1/2,1/3,1/19,1/1,NA
AF009-Bn-Y1-S1-RH-4F-02,1,8,4,0,0,4,1,3,2,0,1,0,0,1,1,9,3,4,4,2,1,0,1,1,2,0,6,0,2/3,3/3,2/2,3/5,7/8,2/12,NA,NA,1/1,NA,1/2,1/3,1/19,1/1,NA
AF009-Bn-Y1-S1-RH-4F-03,1,8,4,0,0,4,1,3,2,0,1,0,0,1,1,9,3,4,4,2,1,0,1,1,2,0,6,0,2/3,3/3,2/2,3/5,7/8,2/12,NA,NA,1/1,NA,1/2,1/3,1/19,1/1,NA
AF009-Bn-Y1-S1-RH-4F-04,1,8,4,0,0,4,1,3,2,0,1,0,0,1,1,9,3,4,4,2,1,0,1,1,2,0,6,0,2/3,3/3,2/2,3/5,7/8,2/12,NA,NA,1/1,NA,1/2,1/3,1/19,1/1,NA
AF009-Bn-Y1-S1-RH-4F-05,1,8,4,0,0,4,1,3,2,0,1,0,0,1,1,9,3,4,4,2,1,0,1,1,2,0,6,0,2/3,3/3,2/2,3/5,7/8,2/12,NA,NA,1/1,NA,1/2,1/3,1/19,1/1,NA
AF009-Bn-Y1-S1-RO-4F-01,1,8,4,0,0,4,1,3,2,0,1,0,0,1,1,9,3,4,4,2,1,0,1,1,2,0,6,0,2/3,3/3,2/2,3/5,7/8,2/12,NA,NA,1/1,NA,1/2,1/3,1/19,1/1,NA
AF009-Bn-Y1-S1-RO-4F-02,1,8,4,0,0,4,1,3,2,0,1,0,0,1,1,9,3,4,4,2,1,0,1,1,2,0,6,0,2/3,3/3,2/2,3/5,7/8,2/12,NA,NA,1/1,NA,1/2,1/3,1/19,1/1,NA
AF009-Bn-Y1-S1-RO-4F-08,2,6,6,0,1,4,1,2,1,1,2,1,0,0,6,10,3,3,3,2,2,0,1,2,2,2,8,1,2/3,3/3,2/2,3/5,5/8,3/12,NA,NA,1/1,1/3,1/2,1/3,2/19,1/1,1/5
AF009-Bn-Y1-S2-LF-1F-01,2,8,4,0,2,3,1,5,3,1,3,1,1,0,2,13,1,4,4,3,2,0,1,1,1,2,5,1,2/3,3/3,2/2,3/5,7/8,3/12,NA,NA,1/1,1/3,1/2,1/3,1/19,1/1,1/5
AF009-Bn-Y1-S2-LF-4F-02,3,8,3,0,1,4,2,4,3,0,2,1,0,0,3,8,1,3,3,3,2,0,2,0,2,1,9,1,2/3,3/3,2/2,3/5,7/8,3/12,NA,NA,1/1,1/3,1/2,1/3,1/19,1/1,1/5
AF009-Bn-Y1-S2-RH-1F-01,2,6,6,0,1,4,1,2,1,1,2,1,0,0,6,10,3,3,3,2,2,0,1,2,2,2,8,1,2/3,3/3,2/2,3/5,5/8,3/12,NA,NA,1/1,1/3,1/2,1/3,2/19,1/1,1/5
AF009-Bn-Y1-S2-RH-4F-01,2,8,4,0,2,3,1,5,3,1,3,1,1,0,2,13,1,4,4,3,2,0,1,1,1,2,5,1,2/3,3/3,2/2,3/5,7/8,3/12,NA,NA,1/1,1/3,1/2,1/3,1/19,1/1,1/5
AF009-Bn-Y1-S2-RH-4F-04,2,6,6,0,1,4,1,2,1,1,2,1,0,0,6,10,3,3,3,2,2,0,1,2,2,2,8,1,2/3,3/3,2/2,3/5,5/8,3/12,NA,NA,1/1,1/3,1/2,1/3,2/19,1/1,1/5
AF009-Bn-Y1-S2-RO-1F-01,0,4,3,0,0,1,0,0,0,0,1,0,0,0,0,5,0,1,1,3,1,0,1,0,2,2,1,1,1/3,2/3,1/2,3/5,6/8,4/12,1/2,1/2,1/1,1/3,1/2,1/3,2/19,1/1,1/5
AF009-Bn-Y1-S2-RO-4F-01,0,4,3,0,0,1,0,0,0,0,1,0,0,0,0,5,0,1,1,3,1,0,1,1,2,2,1,1,1/3,2/3,1/2,3/5,6/8,4/12,1/2,1/2,1/1,1/3,1/2,1/3,2/19,1/1,1/5
AF009-Bn-Y1-S2-RO-4F-02,2,6,6,0,1,4,1,2,1,1,2,1,0,0,6,10,3,3,3,2,2,0,1,2,2,2,8,1,2/3,3/3,2/2,3/5,5/8,3/12,NA,NA,1/1,1/3,1/2,1/3,2/19,1/1,1/5
AF010-Bn-Y1-S1-LF-4F-03,0,3,1,0,0,2,0,0,0,0,1,0,0,0,0,7,1,2,2,3,1,0,1,1,1,3,3,0,1/3,2/3,1/2,3/5,6/8,4/12,1/2,1/2,1/1,1/3,1/2,1/3,2/19,1/1,NA
AF010-Bn-Y1-S1-RH-4F-01,1,8,4,0,0,4,1,3,2,0,1,0,0,1,1,9,3,4,4,2,1,0,1,1,2,0,6,0,2/3,3/3,2/2,3/5,7/8,2/12,NA,NA,1/1,NA,1/2,1/3,1/19,1/1,NA
AF010-Bn-Y1-S1-RH-4F-02,0,3,1,0,0,2,0,0,0,0,1,0,0,0,0,7,1,2,2,3,1,0,1,1,1,3,3,0,1/3,2/3,1/2,3/5,6/8,4/12,1/2,1/2,1/1,1/3,1/2,1/3,2/19,1/1,NA
AF010-Bn-Y1-S1-RH-4F-03,2,6,6,0,1,4,1,2,1,1,2,1,0,0,6,10,3,3,3,2,2,0,1,2,2,2,8,1,2/3,3/3,2/2,3/5,5/8,3/12,NA,NA,1/1,1/3,1/2,1/3,2/19,1/1,1/5
AF010-Bn-Y1-S1-RH-4F-04,1,7,5,0,2,2,3,3,2,1,3,1,0,0,2,10,2,3,3,2,2,0,1,1,2,1,7,0,2/3,3/3,2/2,3/5,7/8,3/12,NA,NA,1/1,1/3,1/2,1/3,2/19,1/1,NA
AF010-Bn-Y1-S2-RH-1F-03,2,8,4,0,2,3,1,5,3,1,3,1,1,0,2,13,1,4,4,3,2,0,1,1,1,2,5,1,2/3,3/3,2/2,3/5,7/8,3/12,NA,NA,1/1,1/3,1/2,1/3,1/19,1/1,1/5
AF010-Bn-Y1-S2-RH-4F-04,2,6,6,0,1,4,1,2,1,1,2,1,0,0,6,10,3,3,3,2,2,0,1,2,2,2,8,1,2/3,3/3,2/2,3/5,5/8,3/12,NA,NA,1/1,1/3,1/2,1/3,2/19,1/1,1/5
AF010-Bn-Y1-S2-RO-4F-01,2,6,6,0,1,4,1,2,1,1,2,1,0,0,6,10,3,3,3,2,2,0,1,2,2,2,8,1,2/3,3/3,2/2,3/5,5/8,3/12,NA,NA,1/1,1/3,1/2,1/3,2/19,1/1,1/5
AF010-Bn-Y1-S2-RO-4F-03,2,6,6,0,1,4,1,2,1,1,2,1,0,0,6,10,3,3,3,2,2,0,1,2,2,2,8,1,2/3,3/3,2/2,3/5,5/8,3/12,NA,NA,1/1,1/3,1/2,1/3,2/19,1/1,1/5
AF011-Bn-Y1-S1-LF-4F-03,1,8,4,0,0,3,1,3,2,0,4,2,1,0,3,9,2,3,3,2,2,0,1,1,2,0,14,1,2/3,3/3,2/2,3/5,6/8,3/12,NA,NA,1/1,1/3,1/2,1/3,1/19,1/1,1/5
AF011-Bn-Y1-S1-RH-4F-01,2,6,6,0,1,4,1,2,1,1,2,1,0,0,6,10,3,3,3,2,2,0,1,2,2,2,8,1,2/3,3/3,2/2,3/5,5/8,3/12,NA,NA,1/1,1/3,1/2,1/3,2/19,1/1,1/5
AF011-Bn-Y1-S1-RH-4F-02,1,8,4,0,0,4,1,3,2,0,1,0,0,1,1,9,3,4,4,2,1,0,1,1,2,0,6,0,2/3,3/3,2/2,3/5,7/8,2/12,NA,NA,1/1,NA,1/2,1/3,1/19,1/1,NA
AF011-Bn-Y1-S1-RH-4F-03,1,8,4,0,0,4,1,3,2,0,1,0,0,1,1,9,3,4,4,2,1,0,1,1,2,0,6,0,2/3,3/3,2/2,3/5,7/8,2/12,NA,NA,1/1,NA,1/2,1/3,1/19,1/1,NA
AF011-Bn-Y1-S1-RH-4F-04,1,8,4,0,0,4,1,3,2,0,1,0,0,1,1,9,3,4,4,2,1,0,1,1,2,0,6,0,2/3,3/3,2/2,3/5,7/8,2/12,NA,NA,1/1,NA,1/2,1/3,1/19,1/1,NA
AF011-Bn-Y1-S2-RO-1F-01,0,4,3,0,0,1,0,0,0,0,1,0,0,0,0,5,0,1,1,3,1,0,1,0,2,2,1,1,1/3,2/3,1/2,3/5,6/8,4/12,1/2,1/2,1/1,1/3,1/2,1/3,2/19,1/1,1/5
AF012-Bn-Y1-S2-RH-1F-02,2,6,6,0,1,4,1,2,1,1,2,1,0,0,6,10,3,3,3,2,2,0,1,2,2,2,8,1,2/3,3/3,2/2,3/5,5/8,3/12,NA,NA,1/1,1/3,1/2,1/3,2/19,1/1,1/5
AF012-Bn-Y1-S2-RH-4F-01,3,10,4,0,2,4,2,5,3,1,2,1,1,0,2,17,2,4,4,4,2,0,1,1,3,2,8,1,2/3,3/3,2/2,3/5,7/8,3/12,NA,NA,1/1,1/3,1/2,1/3,1/19,1/1,1/5
AF012-Bn-Y1-S2-RO-4F-02,2,6,6,0,1,4,1,2,1,1,2,1,0,0,6,10,3,3,3,2,2,0,1,2,2,2,8,1,2/3,3/3,2/2,3/5,5/8,3/12,NA,NA,1/1,1/3,1/2,1/3,2/19,1/1,1/5
AF012-Bn-Y1-S2-RO-4F-03,2,6,6,0,1,4,1,2,1,1,2,1,0,0,6,10,3,3,3,2,2,0,1,2,2,2,8,1,2/3,3/3,2/2,3/5,5/8,3/12,NA,NA,1/1,1/3,1/2,1/3,2/19,1/1,1/5
AF013-Bn-Y1-S2-LF-1F-01,2,8,4,0,2,3,1,5,3,1,3,1,1,0,2,13,1,4,4,3,2,0,1,1,1,2,5,1,2/3,3/3,2/2,3/5,7/8,3/12,NA,NA,1/1,1/3,1/2,1/3,1/19,1/1,1/5
AF013-Bn-Y1-S2-RH-4F-01,2,6,5,0,2,2,2,4,2,1,2,1,0,1,3,12,1,3,3,2,0,0,1,0,2,1,6,0,2/3,3/3,2/2,3/5,7/8,3/12,NA,NA,1/1,1/3,1/2,1/3,2/19,1/1,NA
AF013-Bn-Y1-S2-RH-4F-02,3,10,4,0,2,4,2,5,3,1,2,1,1,0,2,17,2,4,4,4,2,0,1,1,3,2,8,1,2/3,3/3,2/2,3/5,7/8,3/12,NA,NA,1/1,1/3,1/2,1/3,1/19,1/1,1/5
AF013-Bn-Y1-S2-RH-4F-05,2,6,6,0,1,4,1,2,1,1,2,1,0,0,6,10,3,3,3,2,2,0,1,2,2,2,8,1,2/3,3/3,2/2,3/5,5/8,3/12,NA,NA,1/1,1/3,1/2,1/3,2/19,1/1,1/5
AF014-Bn-Y1-S2-LF-1F-01,2,8,4,0,2,3,1,5,3,1,3,1,1,0,2,13,1,4,4,3,2,0,1,1,1,2,5,1,2/3,3/3,2/2,3/5,7/8,3/12,NA,NA,1/1,1/3,1/2,1/3,1/19,1/1,1/5
AF014-Bn-Y1-S2-LF-1F-03,4,9,3,1,1,4,1,3,0,0,5,0,0,1,2,6,1,2,2,3,1,0,1,1,2,1,6,0,2/3,3/3,2/2,3/5,7/8,3/12,NA,NA,1/1,1/3,1/2,1/3,1/19,1/1,NA
AF014-Bn-Y1-S2-LF-4F-03,0,3,1,0,0,2,0,0,0,0,1,0,0,0,0,7,1,2,2,3,1,0,1,1,1,3,3,0,1/3,2/3,1/2,3/5,6/8,4/12,1/2,1/2,1/1,1/3,1/2,1/3,2/19,1/1,NA
AF014-Bn-Y1-S2-RH-1F-01,2,8,4,0,2,3,1,5,3,1,3,1,1,0,2,13,1,4,4,3,2,0,1,1,1,2,5,1,2/3,3/3,2/2,3/5,7/8,3/12,NA,NA,1/1,1/3,1/2,1/3,1/19,1/1,1/5
AF014-Bn-Y1-S2-RH-1F-02,0,4,3,0,0,1,0,0,0,0,1,0,0,0,0,5,0,1,1,3,1,0,1,0,2,2,1,1,1/3,2/3,1/2,3/5,6/8,4/12,1/2,1/2,1/1,1/3,1/2,1/3,2/19,1/1,1/5
AF014-Bn-Y1-S2-RH-1F-03,2,8,4,0,2,3,1,5,3,1,3,1,1,0,2,13,1,4,4,3,2,0,1,1,1,2,5,1,2/3,3/3,2/2,3/5,7/8,3/12,NA,NA,1/1,1/3,1/2,1/3,1/19,1/1,1/5
AF014-Bn-Y1-S2-RH-1F-04,0,4,3,0,0,1,0,0,0,0,1,0,0,0,0,5,0,1,1,3,1,0,1,0,2,2,1,1,1/3,2/3,1/2,3/5,6/8,4/12,1/2,1/2,1/1,1/3,1/2,1/3,2/19,1/1,1/5
AF015-Bn-Y1-S2-RH-1F-03,0,3,1,0,0,2,0,0,0,0,1,0,0,0,0,6,1,2,2,3,1,0,1,1,1,3,2,0,1/3,2/3,1/2,3/5,6/8,4/12,1/2,1/2,1/1,1/3,1/2,1/3,2/19,1/1,NA
AF015-Bn-Y1-S2-RH-1F-04,0,3,1,0,0,2,0,0,0,0,1,0,0,0,0,7,1,2,2,3,1,0,1,1,1,3,3,0,1/3,2/3,1/2,3/5,6/8,4/12,1/2,1/2,1/1,1/3,1/2,1/3,2/19,1/1,NA
AF015-Bn-Y1-S2-RH-4F-02,2,6,6,0,1,4,1,2,1,1,2,1,0,0,6,10,3,3,3,2,2,0,1,2,2,2,8,1,2/3,3/3,2/2,3/5,5/8,3/12,NA,NA,1/1,1/3,1/2,1/3,2/19,1/1,1/5
AF015-Bn-Y1-S2-RH-4F-05,2,6,6,0,1,4,1,2,1,1,2,1,0,0,6,10,3,3,3,2,2,0,1,2,2,2,8,1,2/3,3/3,2/2,3/5,5/8,3/12,NA,NA,1/1,1/3,1/2,1/3,2/19,1/1,1/5
AF015-Bn-Y1-S2-RH-4F-06,2,6,6,0,1,4,1,2,1,1,2,1,0,0,6,10,3,3,3,2,2,0,1,2,2,2,8,1,2/3,3/3,2/2,3/5,5/8,3/12,NA,NA,1/1,1/3,1/2,1/3,2/19,1/1,1/5
AF016-Bn-Y1-S1-LF-15F-01,2,8,4,0,2,3,1,5,3,1,3,1,1,0,2,13,1,4,4,3,2,0,1,1,1,2,5,1,2/3,3/3,2/2,3/5,7/8,3/12,NA,NA,1/1,1/3,1/2,1/3,1/19,1/1,1/5
AF016-Bn-Y1-S1-LF-4F-01,2,6,6,0,1,4,1,2,1,1,2,1,0,0,6,10,3,3,3,2,2,0,1,2,2,2,8,1,2/3,3/3,2/2,3/5,5/8,3/12,NA,NA,1/1,1/3,1/2,1/3,2/19,1/1,1/5
AF016-Bn-Y1-S1-RH-1F-01,2,8,4,0,2,3,1,5,3,1,3,1,1,0,2,13,1,4,4,3,2,0,1,1,1,2,5,1,2/3,3/3,2/2,3/5,7/8,3/12,NA,NA,1/1,1/3,1/2,1/3,1/19,1/1,1/5
AF016-Bn-Y1-S1-RH-4F-02,2,6,6,0,1,4,1,2,1,1,2,1,0,0,6,10,3,3,3,2,2,0,1,2,2,2,8,1,2/3,3/3,2/2,3/5,5/8,3/12,NA,NA,1/1,1/3,1/2,1/3,2/19,1/1,1/5
AF016-Bn-Y1-S1-RH-4F-03,3,10,4,0,2,4,2,5,3,1,2,1,1,0,2,17,2,4,4,4,2,0,1,1,3,2,8,1,2/3,3/3,2/2,3/5,7/8,3/12,NA,NA,1/1,1/3,1/2,1/3,1/19,1/1,1/5
AF016-Bn-Y1-S1-RH-4F-04,2,6,6,0,1,4,1,2,1,1,2,1,0,0,6,10,3,3,3,2,2,0,1,2,2,2,8,1,2/3,3/3,2/2,3/5,5/8,3/12,NA,NA,1/1,1/3,1/2,1/3,2/19,1/1,1/5
AF017-Bn-Y1-S1-LF-4F-01,2,8,4,0,2,3,1,5,3,1,3,1,1,0,2,13,1,4,4,3,2,0,1,1,1,2,5,1,2/3,3/3,2/2,3/5,7/8,3/12,NA,NA,1/1,1/3,1/2,1/3,1/19,1/1,1/5
AF017-Bn-Y1-S1-RH-15F-01,0,3,1,0,0,2,0,0,0,0,1,0,0,0,0,7,1,2,2,3,1,0,1,1,1,3,3,0,1/3,2/3,1/2,3/5,6/8,4/12,1/2,1/2,1/1,1/3,1/2,1/3,2/19,1/1,NA
AF017-Bn-Y1-S1-RH-4F-01,2,6,6,0,1,4,1,2,1,1,2,1,0,0,6,10,3,3,3,2,2,0,1,2,2,2,8,1,2/3,3/3,2/2,3/5,5/8,3/12,NA,NA,1/1,1/3,1/2,1/3,2/19,1/1,1/5
AF018-Bn-Y1-S1-RH-15F-01,2,7,4,0,2,2,0,3,2,1,1,1,0,0,1,9,2,3,3,3,1,0,1,1,2,1,3,0,2/3,3/3,2/2,3/5,7/8,3/12,NA,NA,1/1,1/3,1/2,1/3,1/19,1/1,NA
AF018-Bn-Y1-S1-RO-4F-02,2,6,6,0,1,4,1,2,1,1,2,1,0,0,6,10,3,3,3,2,2,0,1,2,2,2,8,1,2/3,3/3,2/2,3/5,5/8,3/12,NA,NA,1/1,1/3,1/2,1/3,2/19,1/1,1/5
AF018-Bn-Y1-S2-RO-4F-03,0,3,1,0,0,2,0,0,0,0,1,0,0,0,0,7,1,2,2,3,1,0,1,1,1,3,3,0,1/3,2/3,1/2,3/5,6/8,4/12,1/2,1/2,1/1,1/3,1/2,1/3,2/19,1/1,NA
AF019-Bn-Y1-S1-LF-1F-01,2,8,4,0,2,3,1,5,3,1,3,1,1,0,2,13,1,4,4,3,2,0,1,1,1,2,5,1,2/3,3/3,2/2,3/5,7/8,3/12,NA,NA,1/1,1/3,1/2,1/3,1/19,1/1,1/5
AF019-Bn-Y1-S1-RH-15F-01,2,8,4,0,2,3,1,5,3,1,3,1,1,0,2,13,1,4,4,3,2,0,1,1,1,2,5,1,2/3,3/3,2/2,3/5,7/8,3/12,NA,NA,1/1,1/3,1/2,1/3,1/19,1/1,1/5
AF019-Bn-Y1-S1-RH-1F-01,2,6,6,0,1,4,1,2,1,1,2,1,0,0,6,10,3,3,3,2,2,0,1,2,2,2,8,1,2/3,3/3,2/2,3/5,5/8,3/12,NA,NA,1/1,1/3,1/2,1/3,2/19,1/1,1/5
AF019-Bn-Y1-S1-RH-4F-01,2,6,6,0,1,4,1,2,1,1,2,1,0,0,6,10,3,3,3,2,2,0,1,2,2,2,8,1,2/3,3/3,2/2,3/5,5/8,3/12,NA,NA,1/1,1/3,1/2,1/3,2/19,1/1,1/5
AF019-Bn-Y1-S1-RH-4F-02,2,6,6,0,1,4,1,2,1,1,2,1,0,0,6,10,3,3,3,2,2,0,1,2,2,2,8,1,2/3,3/3,2/2,3/5,5/8,3/12,NA,NA,1/1,1/3,1/2,1/3,2/19,1/1,1/5
AF019-Bn-Y1-S1-RH-4F-03,2,6,6,0,1,4,1,2,1,1,2,1,0,0,6,10,3,3,3,2,2,0,1,2,2,2,8,1,2/3,3/3,2/2,3/5,5/8,3/12,NA,NA,1/1,1/3,1/2,1/3,2/19,1/1,1/5
AF019-Bn-Y1-S1-RH-4F-04,1,8,4,0,0,4,1,3,2,0,1,0,0,1,1,9,3,4,4,2,1,0,1,1,2,0,6,0,2/3,3/3,2/2,3/5,7/8,2/12,NA,NA,1/1,NA,1/2,1/3,1/19,1/1,NA
AF019-Bn-Y1-S1-RH-4F-05,2,6,6,0,1,4,1,2,1,1,2,1,0,0,6,10,3,3,3,2,2,0,1,2,2,2,8,1,2/3,3/3,2/2,3/5,5/8,3/12,NA,NA,1/1,1/3,1/2,1/3,2/19,1/1,1/5
AF019-Bn-Y1-S1-RO-4F-01,2,6,6,0,1,4,1,2,1,1,2,1,0,0,6,10,3,3,3,2,2,0,1,2,2,2,8,1,2/3,3/3,2/2,3/5,5/8,3/12,NA,NA,1/1,1/3,1/2,1/3,2/19,1/1,1/5
AF019-Bn-Y1-S2-LF-15F-01,3,8,3,0,1,4,2,4,3,0,2,1,0,0,3,8,1,3,3,3,2,0,2,0,2,1,9,1,2/3,3/3,2/2,3/5,7/8,3/12,NA,NA,1/1,1/3,1/2,1/3,1/19,1/1,1/5
AF019-Bn-Y1-S2-LF-1F-01,2,6,2,0,0,4,1,1,1,0,0,1,0,1,1,5,2,2,2,3,2,0,1,1,2,2,5,0,2/3,3/3,2/2,3/5,7/8,3/12,NA,NA,1/1,1/3,1/2,1/3,2/19,1/1,NA
AF019-Bn-Y1-S2-RH-15F-01,2,8,4,0,2,3,1,5,3,1,3,1,1,0,2,13,1,4,4,3,2,0,1,1,1,2,5,1,2/3,3/3,2/2,3/5,7/8,3/12,NA,NA,1/1,1/3,1/2,1/3,1/19,1/1,1/5
AF019-Bn-Y1-S2-RH-4F-03,2,8,4,0,2,3,1,5,3,1,3,1,1,0,2,13,1,4,4,3,2,0,1,1,1,2,5,1,2/3,3/3,2/2,3/5,7/8,3/12,NA,NA,1/1,1/3,1/2,1/3,1/19,1/1,1/5
AF019-Bn-Y1-S2-RH-4F-04,2,6,6,0,1,4,1,2,1,1,2,1,0,0,6,10,3,3,3,2,2,0,1,2,2,2,8,1,2/3,3/3,2/2,3/5,5/8,3/12,NA,NA,1/1,1/3,1/2,1/3,2/19,1/1,1/5
AF020-Bn-Y1-S1-LF-15F-02,2,8,4,0,2,3,1,5,3,1,3,1,1,0,2,13,1,4,4,3,2,0,1,1,1,2,5,1,2/3,3/3,2/2,3/5,7/8,3/12,NA,NA,1/1,1/3,1/2,1/3,1/19,1/1,1/5
AF020-Bn-Y1-S1-LF-4F-01,2,8,4,0,2,3,1,5,3,1,3,1,1,0,2,13,1,4,4,3,2,0,1,1,1,2,5,1,2/3,3/3,2/2,3/5,7/8,3/12,NA,NA,1/1,1/3,1/2,1/3,1/19,1/1,1/5
AF020-Bn-Y1-S1-LF-4F-04,3,8,3,0,1,4,2,4,3,0,2,1,0,0,3,8,1,3,3,3,2,0,2,0,2,1,9,1,2/3,3/3,2/2,3/5,7/8,3/12,NA,NA,1/1,1/3,1/2,1/3,1/19,1/1,1/5
AF020-Bn-Y1-S1-RH-1F-01,2,6,6,0,1,4,1,2,1,1,2,1,0,0,6,10,3,3,3,2,2,0,1,2,2,2,8,1,2/3,3/3,2/2,3/5,5/8,3/12,NA,NA,1/1,1/3,1/2,1/3,2/19,1/1,1/5
AF020-Bn-Y1-S1-RH-4F-02,1,6,5,0,1,4,2,2,2,0,1,1,0,0,1,12,1,3,3,2,1,0,1,1,2,1,12,0,2/3,3/3,2/2,3/5,7/8,3/12,NA,NA,1/1,1/3,1/2,1/3,1/19,1/1,NA
AF020-Bn-Y1-S1-RH-4F-03,2,6,6,0,1,4,1,2,1,1,2,1,0,0,6,10,3,3,3,2,2,0,1,2,2,2,8,1,2/3,3/3,2/2,3/5,5/8,3/12,NA,NA,1/1,1/3,1/2,1/3,2/19,1/1,1/5
AF020-Bn-Y1-S1-RH-4F-04,2,6,6,0,1,4,1,2,1,1,2,1,0,0,6,10,3,3,3,2,2,0,1,2,2,2,8,1,2/3,3/3,2/2,3/5,5/8,3/12,NA,NA,1/1,1/3,1/2,1/3,2/19,1/1,1/5
AF020-Bn-Y1-S1-RH-4F-05,2,6,6,0,1,4,1,2,1,1,2,1,0,0,6,10,3,3,3,2,2,0,1,2,2,2,8,1,2/3,3/3,2/2,3/5,5/8,3/12,NA,NA,1/1,1/3,1/2,1/3,2/19,1/1,1/5
AF020-Bn-Y1-S1-RH-4F-06,2,6,6,0,1,4,1,2,1,1,2,1,0,0,6,10,3,3,3,2,2,0,1,2,2,2,8,1,2/3,3/3,2/2,3/5,5/8,3/12,NA,NA,1/1,1/3,1/2,1/3,2/19,1/1,1/5
AF020-Bn-Y1-S1-RO-4F-01,2,6,6,0,1,4,1,2,1,1,2,1,0,0,6,10,3,3,3,2,2,0,1,2,2,2,8,1,2/3,3/3,2/2,3/5,5/8,3/12,NA,NA,1/1,1/3,1/2,1/3,2/19,1/1,1/5
AF020-Bn-Y1-S2-LF-4F-01,1,8,4,0,0,4,1,3,2,0,1,0,0,1,1,9,3,4,4,2,1,0,1,1,2,0,6,0,2/3,3/3,2/2,3/5,7/8,2/12,NA,NA,1/1,NA,1/2,1/3,1/19,1/1,NA
AF020-Bn-Y1-S2-LF-4F-02,1,8,4,0,0,4,1,3,2,0,1,0,0,1,1,9,3,4,4,2,1,0,1,1,2,0,6,0,2/3,3/3,2/2,3/5,7/8,2/12,NA,NA,1/1,NA,1/2,1/3,1/19,1/1,NA
AF020-Bn-Y1-S2-LF-4F-04,3,10,4,0,2,4,2,5,3,1,2,1,1,0,2,17,2,4,4,4,2,0,1,1,3,2,8,1,2/3,3/3,2/2,3/5,7/8,3/12,NA,NA,1/1,1/3,1/2,1/3,1/19,1/1,1/5
AF020-Bn-Y1-S2-RH-4F-01,3,9,4,0,1,5,1,3,1,1,2,1,0,0,6,12,2,3,3,2,1,0,1,0,3,2,9,0,2/3,3/3,2/2,3/5,5/8,3/12,NA,NA,1/1,1/3,1/2,1/3,2/19,1/1,NA
AF020-Bn-Y1-S2-RH-4F-02,2,6,6,0,1,4,1,2,1,1,2,1,0,0,6,10,3,3,3,2,2,0,1,2,2,2,8,1,2/3,3/3,2/2,3/5,5/8,3/12,NA,NA,1/1,1/3,1/2,1/3,2/19,1/1,1/5
AF020-Bn-Y1-S2-RH-4F-07,1,7,5,0,2,2,3,3,2,1,3,1,0,0,2,10,2,3,3,2,2,0,1,1,2,1,7,0,2/3,3/3,2/2,3/5,7/8,3/12,NA,NA,1/1,1/3,1/2,1/3,2/19,1/1,NA
AF020-Bn-Y1-S2-RO-4F-07,2,6,6,0,1,4,1,2,1,1,2,1,0,0,6,10,3,3,3,2,2,0,1,2,2,2,8,1,2/3,3/3,2/2,3/5,5/8,3/12,NA,NA,1/1,1/3,1/2,1/3,2/19,1/1,1/5
AF021-Bn-Y1-S1-LF-15F-02,1,7,5,0,2,2,3,3,2,1,3,1,0,0,2,10,2,3,3,2,2,0,1,1,2,1,7,0,2/3,3/3,2/2,3/5,7/8,3/12,NA,NA,1/1,1/3,1/2,1/3,2/19,1/1,NA
AF021-Bn-Y1-S1-LF-4F-01,2,6,6,0,1,4,1,2,1,1,2,1,0,0,6,10,3,3,3,2,2,0,1,2,2,2,8,1,2/3,3/3,2/2,3/5,5/8,3/12,NA,NA,1/1,1/3,1/2,1/3,2/19,1/1,1/5
AF021-Bn-Y1-S1-LF-4F-04,2,8,4,0,2,3,1,5,3,1,3,1,1,0,2,13,1,4,4,3,2,0,1,1,1,2,5,1,2/3,3/3,2/2,3/5,7/8,3/12,NA,NA,1/1,1/3,1/2,1/3,1/19,1/1,1/5
AF021-Bn-Y1-S1-LF-4F-05,1,8,4,0,0,4,1,3,2,0,1,0,0,1,1,9,3,4,4,2,1,0,1,1,2,0,6,0,2/3,3/3,2/2,3/5,7/8,2/12,NA,NA,1/1,NA,1/2,1/3,1/19,1/1,NA
AF021-Bn-Y1-S1-LF-4F-06,3,8,3,0,1,4,2,4,3,0,2,1,0,0,3,8,1,3,3,3,2,0,2,0,2,1,9,1,2/3,3/3,2/2,3/5,7/8,3/12,NA,NA,1/1,1/3,1/2,1/3,1/19,1/1,1/5
AF021-Bn-Y1-S1-LF-4F-07,1,8,4,0,0,4,1,3,2,0,1,0,0,1,1,9,3,4,4,2,1,0,1,1,2,0,6,0,2/3,3/3,2/2,3/5,7/8,2/12,NA,NA,1/1,NA,1/2,1/3,1/19,1/1,NA
AF021-Bn-Y1-S2-LF-1F-01,2,6,6,0,1,4,1,2,1,1,2,1,0,0,6,10,3,3,3,2,2,0,1,2,2,2,8,1,2/3,3/3,2/2,3/5,5/8,3/12,NA,NA,1/1,1/3,1/2,1/3,2/19,1/1,1/5
AF022-Bn-Y1-S1-LF-15F-03,2,8,4,0,2,3,1,5,3,1,3,1,1,0,2,13,1,4,4,3,2,0,1,1,1,2,5,1,2/3,3/3,2/2,3/5,7/8,3/12,NA,NA,1/1,1/3,1/2,1/3,1/19,1/1,1/5
AF022-Bn-Y1-S1-LF-15F-04,2,8,4,0,2,3,1,5,3,1,3,1,1,0,2,13,1,4,4,3,2,0,1,1,1,2,5,1,2/3,3/3,2/2,3/5,7/8,3/12,NA,NA,1/1,1/3,1/2,1/3,1/19,1/1,1/5
AF022-Bn-Y1-S1-LF-1F-01,2,8,4,0,2,3,1,5,3,1,3,1,1,0,2,13,1,4,4,3,2,0,1,1,1,2,5,1,2/3,3/3,2/2,3/5,7/8,3/12,NA,NA,1/1,1/3,1/2,1/3,1/19,1/1,1/5
AF022-Bn-Y1-S1-LF-1F-02,2,8,4,0,2,3,1,5,3,1,3,1,1,0,2,13,1,4,4,3,2,0,1,1,1,2,5,1,2/3,3/3,2/2,3/5,7/8,3/12,NA,NA,1/1,1/3,1/2,1/3,1/19,1/1,1/5
AF022-Bn-Y1-S1-LF-4F-02,2,8,4,0,2,3,1,5,3,1,3,1,1,0,2,13,1,4,4,3,2,0,1,1,1,2,5,1,2/3,3/3,2/2,3/5,7/8,3/12,NA,NA,1/1,1/3,1/2,1/3,1/19,1/1,1/5
AF022-Bn-Y1-S1-LF-4F-03,2,8,4,0,2,3,1,5,3,1,3,1,1,0,2,13,1,4,4,3,2,0,1,1,1,2,5,1,2/3,3/3,2/2,3/5,7/8,3/12,NA,NA,1/1,1/3,1/2,1/3,1/19,1/1,1/5
AF022-Bn-Y1-S1-RH-1F-01,0,5,1,0,0,1,0,0,0,0,1,0,0,0,0,6,2,3,3,4,2,0,1,1,0,3,2,1,1/3,2/3,1/2,3/5,6/8,3/12,NA,NA,1/1,1/3,1/2,1/3,1/19,1/1,1/5
AF022-Bn-Y1-S1-RH-4F-02,2,6,6,0,1,4,1,2,1,1,2,1,0,0,6,10,3,3,3,2,2,0,1,2,2,2,8,1,2/3,3/3,2/2,3/5,5/8,3/12,NA,NA,1/1,1/3,1/2,1/3,2/19,1/1,1/5
AF022-Bn-Y1-S1-RH-4F-04,1,8,4,0,0,4,1,3,2,0,1,0,0,1,1,9,3,4,4,2,1,0,1,1,2,0,6,0,2/3,3/3,2/2,3/5,7/8,2/12,NA,NA,1/1,NA,1/2,1/3,1/19,1/1,NA
AF022-Bn-Y1-S1-RH-4F-05,3,10,4,0,2,4,2,5,3,1,2,1,1,0,2,17,2,4,4,4,2,0,1,1,3,2,8,1,2/3,3/3,2/2,3/5,7/8,3/12,NA,NA,1/1,1/3,1/2,1/3,1/19,1/1,1/5
AF022-Bn-Y1-S1-RH-4F-06,2,6,6,0,1,4,1,2,1,1,2,1,0,0,6,10,3,3,3,2,2,0,1,2,2,2,8,1,2/3,3/3,2/2,3/5,5/8,3/12,NA,NA,1/1,1/3,1/2,1/3,2/19,1/1,1/5
AF022-Bn-Y1-S1-RH-4F-07,1,8,4,0,0,4,1,3,2,0,1,0,0,1,1,9,3,4,4,2,1,0,1,1,2,0,6,0,2/3,3/3,2/2,3/5,7/8,2/12,NA,NA,1/1,NA,1/2,1/3,1/19,1/1,NA
AF022-Bn-Y1-S1-RO-4F-01,0,5,1,0,0,1,0,0,0,0,1,0,0,0,0,6,2,3,3,4,2,0,1,1,0,3,2,1,1/3,2/3,1/2,3/5,6/8,3/12,NA,NA,1/1,1/3,1/2,1/3,1/19,1/1,1/5
AF022-Bn-Y1-S1-RO-4F-02,2,6,6,0,1,4,1,2,1,1,2,1,0,0,6,10,3,3,3,2,2,0,1,2,2,2,8,1,2/3,3/3,2/2,3/5,5/8,3/12,NA,NA,1/1,1/3,1/2,1/3,2/19,1/1,1/5
AF022-Bn-Y1-S2-RH-4F-05,2,6,6,0,1,4,1,2,1,1,2,1,0,0,6,10,3,3,3,2,2,0,1,2,2,2,8,1,2/3,3/3,2/2,3/5,5/8,3/12,NA,NA,1/1,1/3,1/2,1/3,2/19,1/1,1/5
AF023-Bn-Y1-S1-RH-4F-01,1,8,4,0,0,4,1,3,2,0,1,0,0,1,1,9,3,4,4,2,1,0,1,1,2,0,6,0,2/3,3/3,2/2,3/5,7/8,2/12,NA,NA,1/1,NA,1/2,1/3,1/19,1/1,NA
AF023-Bn-Y1-S1-RO-4F-02,2,7,4,0,1,3,1,2,2,1,3,1,0,0,2,9,1,3,3,2,0,0,1,1,2,2,10,1,2/3,3/3,2/2,3/5,7/8,3/12,NA,NA,1/1,1/3,1/2,1/3,2/19,1/1,1/5
AF023-Bn-Y1-S1-RO-4F-03,1,8,4,0,0,4,1,3,2,0,1,0,0,1,1,9,3,4,4,2,1,0,1,1,2,0,6,0,2/3,3/3,2/2,3/5,7/8,2/12,NA,NA,1/1,NA,1/2,1/3,1/19,1/1,NA
AF023-Bn-Y1-S1-RO-4F-04,0,5,1,0,0,1,0,0,0,0,1,0,0,0,0,6,2,3,3,4,2,0,1,1,0,3,2,1,1/3,2/3,1/2,3/5,6/8,3/12,NA,NA,1/1,1/3,1/2,1/3,1/19,1/1,1/5
AF023-Bn-Y1-S1-RO-4F-05,1,8,4,0,0,4,1,3,2,0,1,0,0,1,1,9,3,4,4,2,1,0,1,1,2,0,6,0,2/3,3/3,2/2,3/5,7/8,2/12,NA,NA,1/1,NA,1/2,1/3,1/19,1/1,NA
AF023-Bn-Y1-S1-RO-4F-06,2,6,6,0,1,4,1,2,1,1,2,1,0,0,6,10,3,3,3,2,2,0,1,2,2,2,8,1,2/3,3/3,2/2,3/5,5/8,3/12,NA,NA,1/1,1/3,1/2,1/3,2/19,1/1,1/5
AF023-Bn-Y1-S2-LF-4F-02,2,7,4,0,2,2,0,3,2,1,1,1,0,0,1,9,2,3,3,3,1,0,1,1,2,1,3,0,2/3,3/3,2/2,3/5,7/8,3/12,NA,NA,1/1,1/3,1/2,1/3,1/19,1/1,NA
AF023-Bn-Y1-S2-LF-4F-04,2,6,6,0,1,4,1,2,1,1,2,1,0,0,6,10,3,3,3,2,2,0,1,2,2,2,8,1,2/3,3/3,2/2,3/5,5/8,3/12,NA,NA,1/1,1/3,1/2,1/3,2/19,1/1,1/5
AF023-Bn-Y1-S2-RH-4F-04,2,6,6,0,1,4,1,2,1,1,2,1,0,0,6,10,3,3,3,2,2,0,1,2,2,2,8,1,2/3,3/3,2/2,3/5,5/8,3/12,NA,NA,1/1,1/3,1/2,1/3,2/19,1/1,1/5
AF024-Bn-Y1-S1-LF-4F-03,2,8,4,0,2,3,1,5,3,1,3,1,1,0,2,13,1,4,4,3,2,0,1,1,1,2,5,1,2/3,3/3,2/2,3/5,7/8,3/12,NA,NA,1/1,1/3,1/2,1/3,1/19,1/1,1/5
AF024-Bn-Y1-S1-LF-4F-06,1,8,4,0,0,4,1,3,2,0,1,0,0,1,1,9,3,4,4,2,1,0,1,1,2,0,6,0,2/3,3/3,2/2,3/5,7/8,2/12,NA,NA,1/1,NA,1/2,1/3,1/19,1/1,NA
AF024-Bn-Y1-S1-RO-4F-01,0,3,1,0,0,2,0,0,0,0,1,0,0,0,0,7,1,2,2,3,1,0,1,1,1,3,3,0,1/3,2/3,1/2,3/5,6/8,4/12,1/2,1/2,1/1,1/3,1/2,1/3,2/19,1/1,NA
AF025-Bn-Y1-S1-RH-1F-01,2,8,4,0,2,3,1,5,3,1,2,1,1,0,2,16,1,4,4,2,3,0,1,0,2,2,10,1,2/3,3/3,2/2,3/5,7/8,3/12,NA,NA,1/1,1/3,1/2,1/3,1/19,1/1,1/5
AF025-Bn-Y1-S1-RH-1F-03,0,2,2,0,0,0,0,0,0,0,0,0,0,0,0,2,0,1,1,3,2,0,1,1,1,1,0,0,1/3,2/3,1/2,1/5,1/8,3/12,NA,NA,1/1,1/3,1/2,1/3,1/19,NA,NA
AF025-Bn-Y1-S1-RH-4F-01,1,8,4,0,0,4,1,3,2,0,1,0,0,1,1,9,3,4,4,2,1,0,1,1,2,0,6,0,2/3,3/3,2/2,3/5,7/8,2/12,NA,NA,1/1,NA,1/2,1/3,1/19,1/1,NA
AF025-Bn-Y1-S1-RH-4F-02,2,8,4,0,2,3,1,5,3,1,2,1,1,0,2,16,1,4,4,2,3,0,1,0,2,2,10,1,2/3,3/3,2/2,3/5,7/8,3/12,NA,NA,1/1,1/3,1/2,1/3,1/19,1/1,1/5
AF025-Bn-Y1-S1-RH-4F-03,2,6,6,0,1,4,1,2,1,1,2,1,0,0,6,10,3,3,3,2,2,0,1,2,2,2,8,1,2/3,3/3,2/2,3/5,5/8,3/12,NA,NA,1/1,1/3,1/2,1/3,2/19,1/1,1/5
AF025-Bn-Y1-S1-RH-4F-04,1,8,4,0,0,4,1,3,2,0,1,0,0,1,1,9,3,4,4,2,1,0,1,1,2,0,6,0,2/3,3/3,2/2,3/5,7/8,2/12,NA,NA,1/1,NA,1/2,1/3,1/19,1/1,NA
AF025-Bn-Y1-S1-RO-4F-01,3,10,4,0,2,4,2,5,3,1,2,1,1,0,2,17,2,4,4,4,2,0,1,1,3,2,8,1,2/3,3/3,2/2,3/5,7/8,3/12,NA,NA,1/1,1/3,1/2,1/3,1/19,1/1,1/5
AF025-Bn-Y1-S1-RO-4F-02,0,4,3,0,0,1,0,0,0,0,1,0,0,0,0,5,0,1,1,3,1,0,1,1,2,2,1,1,1/3,2/3,1/2,3/5,6/8,4/12,1/2,1/2,1/1,1/3,1/2,1/3,2/19,1/1,1/5
AF026-Bn-Y1-S1-LF-4F-03,2,6,6,0,1,4,1,2,1,1,2,1,0,0,6,10,3,3,3,2,2,0,1,2,2,2,8,1,2/3,3/3,2/2,3/5,5/8,3/12,NA,NA,1/1,1/3,1/2,1/3,2/19,1/1,1/5
AF026-Bn-Y1-S1-RH-1F-01,2,6,6,0,1,4,1,2,1,1,2,1,0,0,6,10,3,3,3,2,2,0,1,2,2,2,8,1,2/3,3/3,2/2,3/5,5/8,3/12,NA,NA,1/1,1/3,1/2,1/3,2/19,1/1,1/5
AF026-Bn-Y1-S1-RH-4F-01,1,8,4,0,0,4,1,3,2,0,1,0,0,1,1,9,3,4,4,2,1,0,1,1,2,0,6,0,2/3,3/3,2/2,3/5,7/8,2/12,NA,NA,1/1,NA,1/2,1/3,1/19,1/1,NA
AF026-Bn-Y1-S1-RH-4F-02,2,8,4,0,2,3,1,5,3,1,2,1,1,0,2,16,1,4,4,2,3,0,1,0,2,2,10,1,2/3,3/3,2/2,3/5,7/8,3/12,NA,NA,1/1,1/3,1/2,1/3,1/19,1/1,1/5
AF026-Bn-Y1-S1-RH-4F-03,1,8,4,0,0,4,1,3,2,0,1,0,0,1,1,9,3,4,4,2,1,0,1,1,2,0,6,0,2/3,3/3,2/2,3/5,7/8,2/12,NA,NA,1/1,NA,1/2,1/3,1/19,1/1,NA
AF026-Bn-Y1-S1-RH-4F-04,1,8,4,0,0,4,1,3,2,0,1,0,0,1,1,9,3,4,4,2,1,0,1,1,2,0,6,0,2/3,3/3,2/2,3/5,7/8,2/12,NA,NA,1/1,NA,1/2,1/3,1/19,1/1,NA
AF026-Bn-Y1-S1-RH-4F-05,1,8,4,0,0,4,1,3,2,0,1,0,0,1,1,9,3,4,4,2,1,0,1,1,2,0,6,0,2/3,3/3,2/2,3/5,7/8,2/12,NA,NA,1/1,NA,1/2,1/3,1/19,1/1,NA
AF026-Bn-Y1-S2-LF-4F-02,0,3,1,0,0,2,0,0,0,0,1,0,0,0,0,7,1,2,2,3,1,0,1,1,1,3,3,0,1/3,2/3,1/2,3/5,6/8,4/12,1/2,1/2,1/1,1/3,1/2,1/3,2/19,1/1,NA
AF026-Bn-Y1-S2-RH-4F-03,0,4,3,0,0,1,0,0,0,0,1,0,0,0,0,5,0,1,1,3,1,0,1,0,2,2,1,1,1/3,2/3,1/2,3/5,6/8,4/12,1/2,1/2,1/1,1/3,1/2,1/3,2/19,1/1,1/5
AF026-Bn-Y1-S2-RH-4F-04,0,4,3,0,0,1,0,0,0,0,1,0,0,0,0,5,0,1,1,3,1,0,1,1,2,2,1,1,1/3,2/3,1/2,3/5,6/8,4/12,1/2,1/2,1/1,1/3,1/2,1/3,2/19,1/1,1/5
AF026-Bn-Y1-S2-RH-4F-05,2,5,5,0,1,3,1,3,1,1,3,1,0,1,3,12,1,3,3,1,1,0,1,1,2,1,8,1,1/3,3/3,2/2,3/5,7/8,3/12,NA,NA,1/1,1/3,1/2,1/3,2/19,1/1,1/5
AF027-Bn-Y1-S1-RH-4F-02,1,8,4,0,0,4,1,3,2,0,1,0,0,1,1,9,3,4,4,2,1,0,1,1,2,0,6,0,2/3,3/3,2/2,3/5,7/8,2/12,NA,NA,1/1,NA,1/2,1/3,1/19,1/1,NA
AF027-Bn-Y1-S1-RH-4F-04,2,6,6,0,1,4,1,2,1,1,2,1,0,0,6,10,3,3,3,2,2,0,1,2,2,2,8,1,2/3,3/3,2/2,3/5,5/8,3/12,NA,NA,1/1,1/3,1/2,1/3,2/19,1/1,1/5
AF027-Bn-Y1-S1-RH-4F-05,0,3,1,0,0,2,0,0,0,0,1,0,0,0,0,7,1,2,2,3,1,0,1,1,1,3,3,0,1/3,2/3,1/2,3/5,6/8,4/12,1/2,1/2,1/1,1/3,1/2,1/3,2/19,1/1,NA
AF027-Bn-Y1-S1-RO-4F-03,1,8,4,0,0,4,1,3,2,0,1,0,0,1,1,9,3,4,4,2,1,0,1,1,2,0,6,0,2/3,3/3,2/2,3/5,7/8,2/12,NA,NA,1/1,NA,1/2,1/3,1/19,1/1,NA
AF027-Bn-Y1-S1-RO-4F-04,2,8,4,0,2,3,1,5,3,1,3,1,1,0,2,13,1,4,4,3,2,0,1,1,1,2,5,1,2/3,3/3,2/2,3/5,7/8,3/12,NA,NA,1/1,1/3,1/2,1/3,1/19,1/1,1/5
AF027-Bn-Y1-S2-LF-4F-04,4,9,3,1,1,4,1,3,0,0,5,0,0,1,2,6,1,2,2,3,1,0,1,1,2,1,6,0,2/3,3/3,2/2,3/5,7/8,3/12,NA,NA,1/1,1/3,1/2,1/3,1/19,1/1,NA
AF027-Bn-Y1-S2-RH-4F-01,2,6,6,0,1,4,1,2,1,1,2,1,0,0,6,10,3,3,3,2,2,0,1,2,2,2,8,1,2/3,3/3,2/2,3/5,5/8,3/12,NA,NA,1/1,1/3,1/2,1/3,2/19,1/1,1/5
AF027-Bn-Y1-S2-RH-4F-02,2,6,6,0,1,4,1,2,1,1,2,1,0,0,6,10,3,3,3,2,2,0,1,2,2,2,8,1,2/3,3/3,2/2,3/5,5/8,3/12,NA,NA,1/1,1/3,1/2,1/3,2/19,1/1,1/5
AF027-Bn-Y1-S2-RO-4F-01,2,6,6,0,1,4,1,2,1,1,2,1,0,0,6,10,3,3,3,2,2,0,1,2,2,2,8,1,2/3,3/3,2/2,3/5,5/8,3/12,NA,NA,1/1,1/3,1/2,1/3,2/19,1/1,1/5
AF028-Bn-Y1-S1-RH-1F-01,1,7,5,0,2,2,3,3,2,1,3,1,0,0,2,10,2,3,3,2,2,0,1,1,2,1,7,0,2/3,3/3,2/2,3/5,7/8,3/12,NA,NA,1/1,1/3,1/2,1/3,2/19,1/1,NA
AF028-Bn-Y1-S1-RH-4F-01,0,2,2,0,0,0,0,0,0,0,0,0,0,0,0,2,0,1,1,3,2,0,1,1,1,1,0,0,1/3,2/3,1/2,1/5,1/8,3/12,NA,NA,1/1,1/3,1/2,1/3,1/19,NA,NA
AF028-Bn-Y1-S1-RH-4F-02,2,6,6,0,1,4,1,2,1,1,2,1,0,0,6,10,3,3,3,2,2,0,1,2,2,2,8,1,2/3,3/3,2/2,3/5,5/8,3/12,NA,NA,1/1,1/3,1/2,1/3,2/19,1/1,1/5
AF028-Bn-Y1-S2-RH-15F-01,0,3,1,0,0,2,0,0,0,0,1,0,0,0,0,7,1,2,2,3,1,0,1,1,1,3,3,0,1/3,2/3,1/2,3/5,6/8,4/12,1/2,1/2,1/1,1/3,1/2,1/3,2/19,1/1,NA
AF028-Bn-Y1-S2-RH-4F-02,0,3,1,0,0,2,0,0,0,0,1,0,0,0,0,7,1,2,2,3,1,0,1,1,1,3,3,0,1/3,2/3,1/2,3/5,6/8,4/12,1/2,1/2,1/1,1/3,1/2,1/3,2/19,1/1,NA
AF028-Bn-Y1-S2-RH-4F-04,2,6,6,0,1,4,1,2,1,1,2,1,0,0,6,10,3,3,3,2,2,0,1,2,2,2,8,1,2/3,3/3,2/2,3/5,5/8,3/12,NA,NA,1/1,1/3,1/2,1/3,2/19,1/1,1/5
AF028-Bn-Y1-S2-RO-4F-01,1,8,4,0,0,4,1,3,2,0,1,0,0,1,1,9,3,4,4,2,1,0,1,1,2,0,6,0,2/3,3/3,2/2,3/5,7/8,2/12,NA,NA,1/1,NA,1/2,1/3,1/19,1/1,NA
AF028-Bn-Y1-S2-RO-4F-02,0,4,3,0,0,1,0,0,0,0,1,0,0,0,0,5,0,1,1,3,1,0,1,1,2,2,1,1,1/3,2/3,1/2,3/5,6/8,4/12,1/2,1/2,1/1,1/3,1/2,1/3,2/19,1/1,1/5
AF028-Bn-Y1-S2-RO-4F-04,2,6,6,0,1,4,1,2,1,1,2,1,0,0,6,10,3,3,3,2,2,0,1,2,2,2,8,1,2/3,3/3,2/2,3/5,5/8,3/12,NA,NA,1/1,1/3,1/2,1/3,2/19,1/1,1/5
AF029-Bn-Y1-S1-LF-15F-02,2,8,4,0,2,3,1,5,3,1,3,1,1,0,2,13,1,4,4,3,2,0,1,1,1,2,5,1,2/3,3/3,2/2,3/5,7/8,3/12,NA,NA,1/1,1/3,1/2,1/3,1/19,1/1,1/5
AF029-Bn-Y1-S1-LF-1F-01,1,7,5,0,2,2,3,3,2,1,3,1,0,0,2,10,2,3,3,2,2,0,1,1,2,1,7,0,2/3,3/3,2/2,3/5,7/8,3/12,NA,NA,1/1,1/3,1/2,1/3,2/19,1/1,NA
AF029-Bn-Y1-S2-RH-4F-02,4,9,3,1,1,4,1,3,0,0,5,0,0,1,2,6,1,2,2,3,1,0,1,1,2,1,6,0,2/3,3/3,2/2,3/5,7/8,3/12,NA,NA,1/1,1/3,1/2,1/3,1/19,1/1,NA
AF029-Bn-Y1-S2-RH-4F-04,2,6,6,0,1,4,1,2,1,1,2,1,0,0,6,10,3,3,3,2,2,0,1,2,2,2,8,1,2/3,3/3,2/2,3/5,5/8,3/12,NA,NA,1/1,1/3,1/2,1/3,2/19,1/1,1/5
AF029-Bn-Y1-S2-RH-4F-06,4,9,3,1,1,4,1,3,0,0,5,0,0,1,2,6,1,2,2,3,1,0,1,1,2,1,6,0,2/3,3/3,2/2,3/5,7/8,3/12,NA,NA,1/1,1/3,1/2,1/3,1/19,1/1,NA
AF029-Bn-Y1-S2-RH-4F-08,4,9,3,1,1,4,1,3,0,0,5,0,0,1,2,6,1,2,2,3,1,0,1,1,2,1,6,0,2/3,3/3,2/2,3/5,7/8,3/12,NA,NA,1/1,1/3,1/2,1/3,1/19,1/1,NA
AF029-Bn-Y1-S2-RH-4F-10,0,4,3,0,0,1,0,0,0,0,1,0,0,0,0,5,0,1,1,3,1,0,1,0,2,2,1,1,1/3,2/3,1/2,3/5,6/8,4/12,1/2,1/2,1/1,1/3,1/2,1/3,2/19,1/1,1/5
AF029-Bn-Y1-S2-RO-4F-03,2,6,6,0,1,4,1,2,1,1,2,1,0,0,6,10,3,3,3,2,2,0,1,2,2,2,8,1,2/3,3/3,2/2,3/5,5/8,3/12,NA,NA,1/1,1/3,1/2,1/3,2/19,1/1,1/5
AF029-Bn-Y1-S2-RO-4F-04,2,6,6,0,1,4,1,2,1,1,2,1,0,0,6,10,3,3,3,2,2,0,1,2,2,2,8,1,2/3,3/3,2/2,3/5,5/8,3/12,NA,NA,1/1,1/3,1/2,1/3,2/19,1/1,1/5
AF029-Bn-Y1-S2-RO-4F-07,2,6,6,0,1,4,1,2,1,1,2,1,0,0,6,10,3,3,3,2,2,0,1,2,2,2,8,1,2/3,3/3,2/2,3/5,5/8,3/12,NA,NA,1/1,1/3,1/2,1/3,2/19,1/1,1/5
AF030-Bn-Y1-S1-LF-15F-03,1,7,5,0,2,2,3,3,2,1,3,1,0,0,2,10,2,3,3,2,2,0,1,1,2,1,7,0,2/3,3/3,2/2,3/5,7/8,3/12,NA,NA,1/1,1/3,1/2,1/3,2/19,1/1,NA
AF030-Bn-Y1-S1-RH-1F-02,2,6,6,0,1,4,1,2,1,1,2,1,0,0,6,10,3,3,3,2,2,0,1,2,2,2,8,1,2/3,3/3,2/2,3/5,5/8,3/12,NA,NA,1/1,1/3,1/2,1/3,2/19,1/1,1/5
AF030-Bn-Y1-S1-RH-4F-01,0,5,1,0,0,1,0,0,0,0,1,0,0,0,0,6,2,3,3,4,2,0,1,1,0,3,2,1,1/3,2/3,1/2,3/5,6/8,3/12,NA,NA,1/1,1/3,1/2,1/3,1/19,1/1,1/5
AF030-Bn-Y1-S1-RH-4F-02,2,6,5,0,2,2,2,4,2,1,2,1,0,1,3,12,1,3,3,2,0,0,1,0,2,1,6,0,2/3,3/3,2/2,3/5,7/8,3/12,NA,NA,1/1,1/3,1/2,1/3,2/19,1/1,NA
AF030-Bn-Y1-S1-RH-4F-03,2,6,5,0,2,2,2,4,2,1,2,1,0,1,3,12,1,3,3,2,0,0,1,0,2,1,6,0,2/3,3/3,2/2,3/5,7/8,3/12,NA,NA,1/1,1/3,1/2,1/3,2/19,1/1,NA
AF030-Bn-Y1-S1-RH-4F-04,1,9,3,0,1,1,0,3,2,0,3,1,1,0,3,9,2,3,3,2,2,0,1,1,2,0,6,0,2/3,3/3,2/2,3/5,5/8,3/12,NA,NA,1/1,1/3,1/2,1/3,1/19,1/1,NA
AF030-Bn-Y1-S2-RH-4F-01,0,4,3,0,0,1,0,0,0,0,1,0,0,0,0,5,0,1,1,3,1,0,1,0,2,2,1,1,1/3,2/3,1/2,3/5,6/8,4/12,1/2,1/2,1/1,1/3,1/2,1/3,2/19,1/1,1/5
AF030-Bn-Y1-S2-RH-4F-02,2,6,6,0,1,4,1,2,1,1,2,1,0,0,6,10,3,3,3,2,2,0,1,2,2,2,8,1,2/3,3/3,2/2,3/5,5/8,3/12,NA,NA,1/1,1/3,1/2,1/3,2/19,1/1,1/5
AF031-Bn-Y1-S2-RH-1F-01,2,6,6,0,1,4,1,2,1,1,2,1,0,0,6,10,3,3,3,2,2,0,1,2,2,2,8,1,2/3,3/3,2/2,3/5,5/8,3/12,NA,NA,1/1,1/3,1/2,1/3,2/19,1/1,1/5
AF031-Bn-Y1-S2-RH-4F-02,2,6,6,0,1,4,1,2,1,1,2,1,0,0,6,10,3,3,3,2,2,0,1,2,2,2,8,1,2/3,3/3,2/2,3/5,5/8,3/12,NA,NA,1/1,1/3,1/2,1/3,2/19,1/1,1/5
AF031-Bn-Y1-S2-RH-4F-04,2,8,4,0,2,3,1,5,3,1,3,1,1,0,2,13,1,4,4,3,2,0,1,1,1,2,5,1,2/3,3/3,2/2,3/5,7/8,3/12,NA,NA,1/1,1/3,1/2,1/3,1/19,1/1,1/5
AF032-Bn-Y1-S1-RH-15F-01,3,7,4,0,1,4,1,3,0,0,1,1,0,0,2,8,2,2,2,2,2,0,1,0,2,0,3,1,2/3,3/3,2/2,3/5,5/8,3/12,NA,NA,1/1,1/3,1/2,1/3,1/19,1/1,1/5
AF032-Bn-Y1-S1-RH-1F-01,2,8,4,0,2,3,1,5,3,1,3,1,1,0,2,13,1,4,4,3,2,0,1,1,1,2,5,1,2/3,3/3,2/2,3/5,7/8,3/12,NA,NA,1/1,1/3,1/2,1/3,1/19,1/1,1/5
AF032-Bn-Y1-S1-RH-4F-01,2,8,4,0,2,3,1,5,3,1,3,1,1,0,2,13,1,4,4,3,2,0,1,1,1,2,5,1,2/3,3/3,2/2,3/5,7/8,3/12,NA,NA,1/1,1/3,1/2,1/3,1/19,1/1,1/5
AF032-Bn-Y1-S2-RH-1F-01,2,6,6,0,1,4,1,2,1,1,2,1,0,0,6,10,3,3,3,2,2,0,1,2,2,2,8,1,2/3,3/3,2/2,3/5,5/8,3/12,NA,NA,1/1,1/3,1/2,1/3,2/19,1/1,1/5
AF033-Bn-Y1-S1-LF-4F-02,1,7,5,0,2,2,3,3,2,1,3,1,0,0,2,10,2,3,3,2,2,0,1,1,2,1,7,0,2/3,3/3,2/2,3/5,7/8,3/12,NA,NA,1/1,1/3,1/2,1/3,2/19,1/1,NA
AF033-Bn-Y1-S1-LF-4F-03,1,7,5,0,2,2,3,3,2,1,3,1,0,0,2,10,2,3,3,2,2,0,1,1,2,1,7,0,2/3,3/3,2/2,3/5,7/8,3/12,NA,NA,1/1,1/3,1/2,1/3,2/19,1/1,NA
AF033-Bn-Y1-S1-RH-4F-01,2,6,6,0,1,4,1,2,1,1,2,1,0,0,6,10,3,3,3,2,2,0,1,2,2,2,8,1,2/3,3/3,2/2,3/5,5/8,3/12,NA,NA,1/1,1/3,1/2,1/3,2/19,1/1,1/5
AF033-Bn-Y1-S2-RH-1F-01,2,8,4,0,2,3,1,5,3,1,3,1,1,0,2,13,1,4,4,3,2,0,1,1,1,2,5,1,2/3,3/3,2/2,3/5,7/8,3/12,NA,NA,1/1,1/3,1/2,1/3,1/19,1/1,1/5
AF033-Bn-Y1-S2-RH-4F-02,2,6,6,0,1,4,1,2,1,1,2,1,0,0,6,10,3,3,3,2,2,0,1,2,2,2,8,1,2/3,3/3,2/2,3/5,5/8,3/12,NA,NA,1/1,1/3,1/2,1/3,2/19,1/1,1/5
AF034-Bn-Y1-S1-LF-4F-02,2,6,5,0,2,2,2,4,2,1,2,1,0,1,3,12,1,3,3,2,0,0,1,0,2,1,6,0,2/3,3/3,2/2,3/5,7/8,3/12,NA,NA,1/1,1/3,1/2,1/3,2/19,1/1,NA
AF034-Bn-Y1-S1-LF-4F-04,2,6,6,0,1,4,1,2,1,1,2,1,0,0,6,10,3,3,3,2,2,0,1,2,2,2,8,1,2/3,3/3,2/2,3/5,5/8,3/12,NA,NA,1/1,1/3,1/2,1/3,2/19,1/1,1/5
AF034-Bn-Y1-S1-RH-4F-01,3,10,4,0,2,4,2,5,3,1,2,1,1,0,2,17,2,4,4,4,2,0,1,1,3,2,8,1,2/3,3/3,2/2,3/5,7/8,3/12,NA,NA,1/1,1/3,1/2,1/3,1/19,1/1,1/5
AF034-Bn-Y1-S1-RH-4F-02,2,6,6,0,1,4,1,2,1,1,2,1,0,0,6,10,3,3,3,2,2,0,1,2,2,2,8,1,2/3,3/3,2/2,3/5,5/8,3/12,NA,NA,1/1,1/3,1/2,1/3,2/19,1/1,1/5
AF034-Bn-Y1-S1-RH-4F-03,2,6,6,0,1,4,1,2,1,1,2,1,0,0,6,10,3,3,3,2,2,0,1,2,2,2,8,1,2/3,3/3,2/2,3/5,5/8,3/12,NA,NA,1/1,1/3,1/2,1/3,2/19,1/1,1/5
AF034-Bn-Y1-S1-RO-4F-01,0,5,1,0,0,1,0,0,0,0,1,0,0,0,0,6,2,3,3,4,2,0,1,1,0,3,2,1,1/3,2/3,1/2,3/5,6/8,3/12,NA,NA,1/1,1/3,1/2,1/3,1/19,1/1,1/5
AF034-Bn-Y1-S1-RO-4F-02,0,5,1,0,0,1,0,0,0,0,1,0,0,0,0,6,2,3,3,4,2,0,1,1,0,3,2,1,1/3,2/3,1/2,3/5,6/8,3/12,NA,NA,1/1,1/3,1/2,1/3,1/19,1/1,1/5
AF034-Bn-Y1-S1-RO-4F-03,2,6,6,0,1,4,1,2,1,1,2,1,0,0,6,10,3,3,3,2,2,0,1,2,2,2,8,1,2/3,3/3,2/2,3/5,5/8,3/12,NA,NA,1/1,1/3,1/2,1/3,2/19,1/1,1/5
AF034-Bn-Y1-S1-RO-4F-04,0,5,1,0,0,1,0,0,0,0,1,0,0,0,0,6,2,3,3,4,2,0,1,1,0,3,2,1,1/3,2/3,1/2,3/5,6/8,3/12,NA,NA,1/1,1/3,1/2,1/3,1/19,1/1,1/5
AF034-Bn-Y1-S2-RH-1F-01,2,6,6,0,1,4,1,2,1,1,2,1,0,0,6,10,3,3,3,2,2,0,1,2,2,2,8,1,2/3,3/3,2/2,3/5,5/8,3/12,NA,NA,1/1,1/3,1/2,1/3,2/19,1/1,1/5
AF034-Bn-Y1-S2-RH-1F-02,2,8,4,0,2,3,1,5,3,1,3,1,1,0,2,13,1,4,4,3,2,0,1,1,1,2,5,1,2/3,3/3,2/2,3/5,7/8,3/12,NA,NA,1/1,1/3,1/2,1/3,1/19,1/1,1/5
AF034-Bn-Y1-S2-RH-4F-04,2,6,6,0,1,4,1,2,1,1,2,1,0,0,6,10,3,3,3,2,2,0,1,2,2,2,8,1,2/3,3/3,2/2,3/5,5/8,3/12,NA,NA,1/1,1/3,1/2,1/3,2/19,1/1,1/5
AF035-Bn-Y1-S1-RH-4F-02,2,8,4,0,2,3,1,5,3,1,3,1,1,0,2,13,1,4,4,3,2,0,1,1,1,2,5,1,2/3,3/3,2/2,3/5,7/8,3/12,NA,NA,1/1,1/3,1/2,1/3,1/19,1/1,1/5
AF035-Bn-Y1-S1-RH-4F-03,2,6,6,0,1,4,1,2,1,1,2,1,0,0,6,10,3,3,3,2,2,0,1,2,2,2,8,1,2/3,3/3,2/2,3/5,5/8,3/12,NA,NA,1/1,1/3,1/2,1/3,2/19,1/1,1/5
AF035-Bn-Y1-S1-RH-4F-04,2,6,6,0,1,4,1,2,1,1,2,1,0,0,6,10,3,3,3,2,2,0,1,2,2,2,8,1,2/3,3/3,2/2,3/5,5/8,3/12,NA,NA,1/1,1/3,1/2,1/3,2/19,1/1,1/5
AF035-Bn-Y1-S1-RH-4F-06,2,6,5,0,2,2,2,4,2,1,2,1,0,1,3,12,1,3,3,2,0,0,1,0,2,1,6,0,2/3,3/3,2/2,3/5,7/8,3/12,NA,NA,1/1,1/3,1/2,1/3,2/19,1/1,NA
AF035-Bn-Y1-S2-LF-4F-02,1,7,5,0,2,2,3,3,2,1,3,1,0,0,2,10,2,3,3,2,2,0,1,1,2,1,7,0,2/3,3/3,2/2,3/5,7/8,3/12,NA,NA,1/1,1/3,1/2,1/3,2/19,1/1,NA
AF036-Bn-Y1-S1-RO-4F-01,2,6,6,0,1,4,1,2,1,1,2,1,0,0,6,10,3,3,3,2,2,0,1,2,2,2,8,1,2/3,3/3,2/2,3/5,5/8,3/12,NA,NA,1/1,1/3,1/2,1/3,2/19,1/1,1/5
AF036-Bn-Y1-S2-LF-1F-02,2,6,5,0,2,2,2,4,2,1,2,1,0,1,3,12,1,3,3,2,0,0,1,0,2,1,6,0,2/3,3/3,2/2,3/5,7/8,3/12,NA,NA,1/1,1/3,1/2,1/3,2/19,1/1,NA
AF036-Bn-Y1-S2-RH-4F-02,1,8,4,0,0,4,1,3,2,0,1,0,0,1,1,9,3,4,4,2,1,0,1,1,2,0,6,0,2/3,3/3,2/2,3/5,7/8,2/12,NA,NA,1/1,NA,1/2,1/3,1/19,1/1,NA
AF037-Bn-Y1-S1-RH-4F-01,2,6,6,0,1,4,1,2,1,1,2,1,0,0,6,10,3,3,3,2,2,0,1,2,2,2,8,1,2/3,3/3,2/2,3/5,5/8,3/12,NA,NA,1/1,1/3,1/2,1/3,2/19,1/1,1/5
AF037-Bn-Y1-S1-RO-4F-01,2,6,6,0,1,4,1,2,1,1,2,1,0,0,6,10,3,3,3,2,2,0,1,2,2,2,8,1,2/3,3/3,2/2,3/5,5/8,3/12,NA,NA,1/1,1/3,1/2,1/3,2/19,1/1,1/5
AF037-Bn-Y1-S2-RH-1F-01,2,6,6,0,1,4,1,2,1,1,2,1,0,0,6,10,3,3,3,2,2,0,1,2,2,2,8,1,2/3,3/3,2/2,3/5,5/8,3/12,NA,NA,1/1,1/3,1/2,1/3,2/19,1/1,1/5
AF037-Bn-Y1-S2-RH-4F-01,2,6,6,0,1,4,1,2,1,1,2,1,0,0,6,10,3,3,3,2,2,0,1,2,2,2,8,1,2/3,3/3,2/2,3/5,5/8,3/12,NA,NA,1/1,1/3,1/2,1/3,2/19,1/1,1/5
AF037-Bn-Y1-S2-RO-4F-02,2,6,6,0,1,4,1,2,1,1,2,1,0,0,6,10,3,3,3,2,2,0,1,2,2,2,8,1,2/3,3/3,2/2,3/5,5/8,3/12,NA,NA,1/1,1/3,1/2,1/3,2/19,1/1,1/5
AF038-Bn-Y1-S1-LF-15F-04,2,6,5,0,2,2,2,4,2,1,2,1,0,1,3,12,1,3,3,2,0,0,1,0,2,1,6,0,2/3,3/3,2/2,3/5,7/8,3/12,NA,NA,1/1,1/3,1/2,1/3,2/19,1/1,NA
AF038-Bn-Y1-S1-RO-15F-01,2,6,6,0,1,4,1,2,1,1,2,1,0,0,6,10,3,3,3,2,2,0,1,2,2,2,8,1,2/3,3/3,2/2,3/5,5/8,3/12,NA,NA,1/1,1/3,1/2,1/3,2/19,1/1,1/5
AF038-Bn-Y1-S1-RO-1F-01,2,7,4,0,2,2,0,3,2,1,1,1,0,0,1,9,2,3,3,3,1,0,1,1,2,1,3,0,2/3,3/3,2/2,3/5,7/8,3/12,NA,NA,1/1,1/3,1/2,1/3,1/19,1/1,NA
AF038-Bn-Y1-S1-RO-4F-01,2,6,6,0,1,4,1,2,1,1,2,1,0,0,6,10,3,3,3,2,2,0,1,2,2,2,8,1,2/3,3/3,2/2,3/5,5/8,3/12,NA,NA,1/1,1/3,1/2,1/3,2/19,1/1,1/5
AF038-Bn-Y1-S1-RO-4F-03,2,6,6,0,1,4,1,2,1,1,2,1,0,0,6,10,3,3,3,2,2,0,1,2,2,2,8,1,2/3,3/3,2/2,3/5,5/8,3/12,NA,NA,1/1,1/3,1/2,1/3,2/19,1/1,1/5
AF038-Bn-Y1-S2-RH-1F-01,2,6,6,0,1,4,1,2,1,1,2,1,0,0,6,10,3,3,3,2,2,0,1,2,2,2,8,1,2/3,3/3,2/2,3/5,5/8,3/12,NA,NA,1/1,1/3,1/2,1/3,2/19,1/1,1/5
AF038-Bn-Y1-S2-RH-4F-01,2,6,6,0,1,4,1,2,1,1,2,1,0,0,6,10,3,3,3,2,2,0,1,2,2,2,8,1,2/3,3/3,2/2,3/5,5/8,3/12,NA,NA,1/1,1/3,1/2,1/3,2/19,1/1,1/5
AF038-Bn-Y1-S2-RH-4F-02,2,6,6,0,1,4,1,2,1,1,2,1,0,0,6,10,3,3,3,2,2,0,1,2,2,2,8,1,2/3,3/3,2/2,3/5,5/8,3/12,NA,NA,1/1,1/3,1/2,1/3,2/19,1/1,1/5
AF039-Bn-Y1-S1-LF-15F-01,2,6,5,0,2,2,2,4,2,1,2,1,0,1,3,12,1,3,3,2,0,0,1,0,2,1,6,0,2/3,3/3,2/2,3/5,7/8,3/12,NA,NA,1/1,1/3,1/2,1/3,2/19,1/1,NA
AF039-Bn-Y1-S1-RH-15F-01,2,8,4,0,2,3,1,5,3,1,3,1,1,0,2,13,1,4,4,3,2,0,1,1,1,2,5,1,2/3,3/3,2/2,3/5,7/8,3/12,NA,NA,1/1,1/3,1/2,1/3,1/19,1/1,1/5
AF039-Bn-Y1-S1-RH-15F-02,2,7,4,0,2,2,0,3,2,1,1,1,0,0,1,9,2,3,3,3,1,0,1,1,2,1,3,0,2/3,3/3,2/2,3/5,7/8,3/12,NA,NA,1/1,1/3,1/2,1/3,1/19,1/1,NA
AF039-Bn-Y1-S1-RH-1F-01,2,8,4,0,2,3,1,5,3,1,3,1,1,0,2,13,1,4,4,3,2,0,1,1,1,2,5,1,2/3,3/3,2/2,3/5,7/8,3/12,NA,NA,1/1,1/3,1/2,1/3,1/19,1/1,1/5
AF039-Bn-Y1-S1-RO-4F-05,2,6,6,0,1,4,1,2,1,1,2,1,0,0,6,10,3,3,3,2,2,0,1,2,2,2,8,1,2/3,3/3,2/2,3/5,5/8,3/12,NA,NA,1/1,1/3,1/2,1/3,2/19,1/1,1/5
AF040-Bn-Y1-S1-LF-1F-01,2,8,4,0,2,3,1,5,3,1,3,1,1,0,2,13,1,4,4,3,2,0,1,1,1,2,5,1,2/3,3/3,2/2,3/5,7/8,3/12,NA,NA,1/1,1/3,1/2,1/3,1/19,1/1,1/5
AF040-Bn-Y1-S1-LF-1F-02,2,7,4,0,2,2,0,3,2,1,1,1,0,0,1,9,2,3,3,3,1,0,1,1,2,1,3,0,2/3,3/3,2/2,3/5,7/8,3/12,NA,NA,1/1,1/3,1/2,1/3,1/19,1/1,NA
AF040-Bn-Y1-S1-LF-4F-03,2,8,4,0,2,3,1,5,3,1,3,1,1,0,2,13,1,4,4,3,2,0,1,1,1,2,5,1,2/3,3/3,2/2,3/5,7/8,3/12,NA,NA,1/1,1/3,1/2,1/3,1/19,1/1,1/5
AF040-Bn-Y1-S1-RH-15F-01,2,7,4,0,2,2,0,3,2,1,1,1,0,0,1,9,2,3,3,3,1,0,1,1,2,1,3,0,2/3,3/3,2/2,3/5,7/8,3/12,NA,NA,1/1,1/3,1/2,1/3,1/19,1/1,NA
AF040-Bn-Y1-S1-RH-4F-01,2,8,4,0,2,3,1,5,3,1,3,1,1,0,2,13,1,4,4,3,2,0,1,1,1,2,5,1,2/3,3/3,2/2,3/5,7/8,3/12,NA,NA,1/1,1/3,1/2,1/3,1/19,1/1,1/5
AF040-Bn-Y1-S1-RH-4F-02,2,8,4,0,2,3,1,5,3,1,3,1,1,0,2,13,1,4,4,3,2,0,1,1,1,2,5,1,2/3,3/3,2/2,3/5,7/8,3/12,NA,NA,1/1,1/3,1/2,1/3,1/19,1/1,1/5
AF040-Bn-Y1-S1-RO-4F-01,1,7,5,0,2,2,3,3,2,1,3,1,0,0,2,10,2,3,3,2,2,0,1,1,2,1,7,0,2/3,3/3,2/2,3/5,7/8,3/12,NA,NA,1/1,1/3,1/2,1/3,2/19,1/1,NA
AF040-Bn-Y1-S2-LF-4F-04,2,8,4,0,2,3,1,5,3,1,3,1,1,0,2,13,1,4,4,3,2,0,1,1,1,2,5,1,2/3,3/3,2/2,3/5,7/8,3/12,NA,NA,1/1,1/3,1/2,1/3,1/19,1/1,1/5
AF040-Bn-Y1-S2-RH-4F-01,2,6,6,0,1,4,1,2,1,1,2,1,0,0,6,10,3,3,3,2,2,0,1,2,2,2,8,1,2/3,3/3,2/2,3/5,5/8,3/12,NA,NA,1/1,1/3,1/2,1/3,2/19,1/1,1/5
AF040-Bn-Y1-S2-RH-4F-03,2,6,6,0,1,4,1,2,1,1,2,1,0,0,6,10,3,3,3,2,2,0,1,2,2,2,8,1,2/3,3/3,2/2,3/5,5/8,3/12,NA,NA,1/1,1/3,1/2,1/3,2/19,1/1,1/5
AF040-Bn-Y1-S2-RO-4F-01,3,7,4,0,1,4,1,3,0,0,1,1,0,0,2,8,2,2,2,2,2,0,1,0,2,0,3,1,2/3,3/3,2/2,3/5,5/8,3/12,NA,NA,1/1,1/3,1/2,1/3,1/19,1/1,1/5
AF040-Bn-Y1-S2-RO-4F-04,2,6,6,0,1,4,1,2,1,1,2,1,0,0,6,10,3,3,3,2,2,0,1,2,2,2,8,1,2/3,3/3,2/2,3/5,5/8,3/12,NA,NA,1/1,1/3,1/2,1/3,2/19,1/1,1/5
AF040-Bn-Y1-S2-RO-4F-05,2,6,6,0,1,4,1,2,1,1,2,1,0,0,6,10,3,3,3,2,2,0,1,2,2,2,8,1,2/3,3/3,2/2,3/5,5/8,3/12,NA,NA,1/1,1/3,1/2,1/3,2/19,1/1,1/5
AF041-Bn-Y1-S1-LF-15F-01,1,7,5,0,2,2,3,3,2,1,3,1,0,0,2,10,2,3,3,2,2,0,1,1,2,1,7,0,2/3,3/3,2/2,3/5,7/8,3/12,NA,NA,1/1,1/3,1/2,1/3,2/19,1/1,NA
AF041-Bn-Y1-S1-LF-1F-01,0,3,1,0,0,2,0,0,0,0,1,0,0,0,0,7,1,2,2,3,1,0,1,1,1,3,3,0,1/3,2/3,1/2,3/5,6/8,4/12,1/2,1/2,1/1,1/3,1/2,1/3,2/19,1/1,NA
AF041-Bn-Y1-S1-LF-4F-01,2,8,4,0,2,3,1,5,3,1,3,1,1,0,2,13,1,4,4,3,2,0,1,1,1,2,5,1,2/3,3/3,2/2,3/5,7/8,3/12,NA,NA,1/1,1/3,1/2,1/3,1/19,1/1,1/5
AF041-Bn-Y1-S1-LF-4F-03,2,8,4,0,2,3,1,5,3,1,3,1,1,0,2,13,1,4,4,3,2,0,1,1,1,2,5,1,2/3,3/3,2/2,3/5,7/8,3/12,NA,NA,1/1,1/3,1/2,1/3,1/19,1/1,1/5
AF041-Bn-Y1-S1-RH-4F-01,2,6,6,0,1,4,1,2,1,1,2,1,0,0,6,10,3,3,3,2,2,0,1,2,2,2,8,1,2/3,3/3,2/2,3/5,5/8,3/12,NA,NA,1/1,1/3,1/2,1/3,2/19,1/1,1/5
AF041-Bn-Y1-S1-RH-4F-02,1,8,4,0,0,4,1,3,2,0,1,0,0,1,1,9,3,4,4,2,1,0,1,1,2,0,6,0,2/3,3/3,2/2,3/5,7/8,2/12,NA,NA,1/1,NA,1/2,1/3,1/19,1/1,NA
AF042-Bn-Y1-S1-LF-4F-02,1,7,5,0,2,2,3,3,2,1,3,1,0,0,2,10,2,3,3,2,2,0,1,1,2,1,7,0,2/3,3/3,2/2,3/5,7/8,3/12,NA,NA,1/1,1/3,1/2,1/3,2/19,1/1,NA
AF042-Bn-Y1-S1-RO-4F-02,2,6,6,0,1,4,1,2,1,1,2,1,0,0,6,10,3,3,3,2,2,0,1,2,2,2,8,1,2/3,3/3,2/2,3/5,5/8,3/12,NA,NA,1/1,1/3,1/2,1/3,2/19,1/1,1/5
AF043-Bn-Y1-S1-LF-4F-01,2,6,5,0,2,2,2,4,2,1,2,1,0,1,3,12,1,3,3,2,0,0,1,0,2,1,6,0,2/3,3/3,2/2,3/5,7/8,3/12,NA,NA,1/1,1/3,1/2,1/3,2/19,1/1,NA
AF043-Bn-Y1-S1-RO-4F-01,1,8,4,0,0,4,1,3,2,0,1,0,0,1,1,9,3,4,4,2,1,0,1,1,2,0,6,0,2/3,3/3,2/2,3/5,7/8,2/12,NA,NA,1/1,NA,1/2,1/3,1/19,1/1,NA
AF043-Bn-Y1-S1-RO-4F-02,1,8,4,0,0,4,1,3,2,0,1,0,0,1,1,9,3,4,4,2,1,0,1,1,2,0,6,0,2/3,3/3,2/2,3/5,7/8,2/12,NA,NA,1/1,NA,1/2,1/3,1/19,1/1,NA
AF043-Bn-Y1-S1-RO-4F-04,1,8,4,0,0,4,1,3,2,0,1,0,0,1,1,9,3,4,4,2,1,0,1,1,2,0,6,0,2/3,3/3,2/2,3/5,7/8,2/12,NA,NA,1/1,NA,1/2,1/3,1/19,1/1,NA
AF043-Bn-Y1-S1-RO-4F-05,1,8,4,0,0,4,1,3,2,0,1,0,0,1,1,9,3,4,4,2,1,0,1,1,2,0,6,0,2/3,3/3,2/2,3/5,7/8,2/12,NA,NA,1/1,NA,1/2,1/3,1/19,1/1,NA
AF043-Bn-Y1-S2-LF-4F-05,2,7,4,0,1,3,1,2,2,1,3,1,0,0,2,9,1,3,3,2,0,0,1,1,2,2,10,1,2/3,3/3,2/2,3/5,7/8,3/12,NA,NA,1/1,1/3,1/2,1/3,2/19,1/1,1/5
AF043-Bn-Y1-S2-LF-4F-06,2,6,6,0,1,4,1,2,1,1,2,1,0,0,6,10,3,3,3,2,2,0,1,2,2,2,8,1,2/3,3/3,2/2,3/5,5/8,3/12,NA,NA,1/1,1/3,1/2,1/3,2/19,1/1,1/5
AF043-Bn-Y1-S2-RH-1F-02,2,6,6,0,1,4,1,2,1,1,2,1,0,0,6,10,3,3,3,2,2,0,1,2,2,2,8,1,2/3,3/3,2/2,3/5,5/8,3/12,NA,NA,1/1,1/3,1/2,1/3,2/19,1/1,1/5
AF043-Bn-Y1-S2-RH-1F-03,2,6,6,0,1,4,1,2,1,1,2,1,0,0,6,10,3,3,3,2,2,0,1,2,2,2,8,1,2/3,3/3,2/2,3/5,5/8,3/12,NA,NA,1/1,1/3,1/2,1/3,2/19,1/1,1/5
AF044-Bn-Y1-S1-LF-15F-01,1,7,5,0,2,2,3,3,2,1,3,1,0,0,2,10,2,3,3,2,2,0,1,1,2,1,7,0,2/3,3/3,2/2,3/5,7/8,3/12,NA,NA,1/1,1/3,1/2,1/3,2/19,1/1,NA
AF044-Bn-Y1-S1-LF-1F-02,2,8,4,0,2,3,1,5,3,1,3,1,1,0,2,13,1,4,4,3,2,0,1,1,1,2,5,1,2/3,3/3,2/2,3/5,7/8,3/12,NA,NA,1/1,1/3,1/2,1/3,1/19,1/1,1/5
AF044-Bn-Y1-S1-LF-4F-03,2,8,4,0,2,3,1,5,3,1,3,1,1,0,2,13,1,4,4,3,2,0,1,1,1,2,5,1,2/3,3/3,2/2,3/5,7/8,3/12,NA,NA,1/1,1/3,1/2,1/3,1/19,1/1,1/5
AF044-Bn-Y1-S1-LF-4F-04,1,7,5,0,2,2,3,3,2,1,3,1,0,0,2,10,2,3,3,2,2,0,1,1,2,1,7,0,2/3,3/3,2/2,3/5,7/8,3/12,NA,NA,1/1,1/3,1/2,1/3,2/19,1/1,NA
AF044-Bn-Y1-S1-RH-4F-01,1,8,4,0,0,4,1,3,2,0,1,0,0,1,1,9,3,4,4,2,1,0,1,1,2,0,6,0,2/3,3/3,2/2,3/5,7/8,2/12,NA,NA,1/1,NA,1/2,1/3,1/19,1/1,NA
AF044-Bn-Y1-S1-RH-4F-02,2,6,6,0,1,4,1,2,1,1,2,1,0,0,6,10,3,3,3,2,2,0,1,2,2,2,8,1,2/3,3/3,2/2,3/5,5/8,3/12,NA,NA,1/1,1/3,1/2,1/3,2/19,1/1,1/5
AF044-Bn-Y1-S1-RO-4F-01,2,6,6,0,1,4,1,2,1,1,2,1,0,0,6,10,3,3,3,2,2,0,1,2,2,2,8,1,2/3,3/3,2/2,3/5,5/8,3/12,NA,NA,1/1,1/3,1/2,1/3,2/19,1/1,1/5
AF044-Bn-Y1-S2-LF-15F-01,2,6,6,0,1,4,1,2,1,1,2,1,0,0,6,10,3,3,3,2,2,0,1,2,2,2,8,1,2/3,3/3,2/2,3/5,5/8,3/12,NA,NA,1/1,1/3,1/2,1/3,2/19,1/1,1/5
AF044-Bn-Y1-S2-LF-4F-02,2,6,6,0,1,4,1,2,1,1,2,1,0,0,6,10,3,3,3,2,2,0,1,2,2,2,8,1,2/3,3/3,2/2,3/5,5/8,3/12,NA,NA,1/1,1/3,1/2,1/3,2/19,1/1,1/5
AF044-Bn-Y1-S2-LF-4F-03,2,6,6,0,1,4,1,2,1,1,2,1,0,0,6,10,3,3,3,2,2,0,1,2,2,2,8,1,2/3,3/3,2/2,3/5,5/8,3/12,NA,NA,1/1,1/3,1/2,1/3,2/19,1/1,1/5
AF044-Bn-Y1-S2-LF-4F-04,2,6,6,0,1,4,1,2,1,1,2,1,0,0,6,10,3,3,3,2,2,0,1,2,2,2,8,1,2/3,3/3,2/2,3/5,5/8,3/12,NA,NA,1/1,1/3,1/2,1/3,2/19,1/1,1/5
AF044-Bn-Y1-S2-LF-4F-06,2,6,6,0,1,4,1,2,1,1,2,1,0,0,6,10,3,3,3,2,2,0,1,2,2,2,8,1,2/3,3/3,2/2,3/5,5/8,3/12,NA,NA,1/1,1/3,1/2,1/3,2/19,1/1,1/5
AF044-Bn-Y1-S2-RH-1F-01,2,6,6,0,1,4,1,2,1,1,2,1,0,0,6,10,3,3,3,2,2,0,1,2,2,2,8,1,2/3,3/3,2/2,3/5,5/8,3/12,NA,NA,1/1,1/3,1/2,1/3,2/19,1/1,1/5
AF044-Bn-Y1-S2-RH-4F-01,2,6,6,0,1,4,1,2,1,1,2,1,0,0,6,10,3,3,3,2,2,0,1,2,2,2,8,1,2/3,3/3,2/2,3/5,5/8,3/12,NA,NA,1/1,1/3,1/2,1/3,2/19,1/1,1/5
AF044-Bn-Y1-S2-RH-4F-02,2,6,6,0,1,4,1,2,1,1,2,1,0,0,6,10,3,3,3,2,2,0,1,2,2,2,8,1,2/3,3/3,2/2,3/5,5/8,3/12,NA,NA,1/1,1/3,1/2,1/3,2/19,1/1,1/5
AF044-Bn-Y1-S2-RH-4F-03,2,6,6,0,1,4,1,2,1,1,2,1,0,0,6,10,3,3,3,2,2,0,1,2,2,2,8,1,2/3,3/3,2/2,3/5,5/8,3/12,NA,NA,1/1,1/3,1/2,1/3,2/19,1/1,1/5
AF044-Bn-Y1-S2-RH-4F-05,2,6,6,0,1,4,1,2,1,1,2,1,0,0,6,10,3,3,3,2,2,0,1,2,2,2,8,1,2/3,3/3,2/2,3/5,5/8,3/12,NA,NA,1/1,1/3,1/2,1/3,2/19,1/1,1/5
AF044-Bn-Y1-S2-RO-1F-01,2,6,6,0,1,4,1,2,1,1,2,1,0,0,6,10,3,3,3,2,2,0,1,2,2,2,8,1,2/3,3/3,2/2,3/5,5/8,3/12,NA,NA,1/1,1/3,1/2,1/3,2/19,1/1,1/5
AF044-Bn-Y1-S2-RO-4F-02,2,6,6,0,1,4,1,2,1,1,2,1,0,0,6,10,3,3,3,2,2,0,1,2,2,2,8,1,2/3,3/3,2/2,3/5,5/8,3/12,NA,NA,1/1,1/3,1/2,1/3,2/19,1/1,1/5
AF045-Bn-Y1-S1-RH-1F-01,2,8,4,0,2,3,1,5,3,1,3,1,1,0,2,13,1,4,4,3,2,0,1,1,1,2,5,1,2/3,3/3,2/2,3/5,7/8,3/12,NA,NA,1/1,1/3,1/2,1/3,1/19,1/1,1/5
AF045-Bn-Y1-S1-RH-4F-02,2,8,4,0,2,3,1,5,3,1,2,1,1,0,2,16,1,4,4,2,3,0,1,0,2,2,10,1,2/3,3/3,2/2,3/5,7/8,3/12,NA,NA,1/1,1/3,1/2,1/3,1/19,1/1,1/5
AF045-Bn-Y1-S1-RH-4F-04,2,6,6,0,1,4,1,2,1,1,2,1,0,0,6,10,3,3,3,2,2,0,1,2,2,2,8,1,2/3,3/3,2/2,3/5,5/8,3/12,NA,NA,1/1,1/3,1/2,1/3,2/19,1/1,1/5
AF045-Bn-Y1-S1-RH-4F-05,2,8,4,0,2,3,1,5,3,1,3,1,1,0,2,13,1,4,4,3,2,0,1,1,1,2,5,1,2/3,3/3,2/2,3/5,7/8,3/12,NA,NA,1/1,1/3,1/2,1/3,1/19,1/1,1/5
AF045-Bn-Y1-S1-RH-4F-06,1,8,4,0,0,4,1,3,2,0,1,0,0,1,1,9,3,4,4,2,1,0,1,1,2,0,6,0,2/3,3/3,2/2,3/5,7/8,2/12,NA,NA,1/1,NA,1/2,1/3,1/19,1/1,NA
AF045-Bn-Y1-S2-LF-1F-01,2,6,6,0,1,4,1,2,1,1,2,1,0,0,6,10,3,3,3,2,2,0,1,2,2,2,8,1,2/3,3/3,2/2,3/5,5/8,3/12,NA,NA,1/1,1/3,1/2,1/3,2/19,1/1,1/5
AF045-Bn-Y1-S2-LF-1F-03,2,8,4,0,2,3,1,5,3,1,3,1,1,0,2,13,1,4,4,3,2,0,1,1,1,2,5,1,2/3,3/3,2/2,3/5,7/8,3/12,NA,NA,1/1,1/3,1/2,1/3,1/19,1/1,1/5
AF045-Bn-Y1-S2-RH-1F-01,1,8,4,0,0,4,1,3,2,0,1,0,0,1,1,9,3,4,4,2,1,0,1,1,2,0,6,0,2/3,3/3,2/2,3/5,7/8,2/12,NA,NA,1/1,NA,1/2,1/3,1/19,1/1,NA
AF045-Bn-Y1-S2-RH-1F-02,2,6,6,0,1,4,1,2,1,1,2,1,0,0,6,10,3,3,3,2,2,0,1,2,2,2,8,1,2/3,3/3,2/2,3/5,5/8,3/12,NA,NA,1/1,1/3,1/2,1/3,2/19,1/1,1/5
AF045-Bn-Y1-S2-RO-4F-03,2,6,6,0,1,4,1,2,1,1,2,1,0,0,6,10,3,3,3,2,2,0,1,2,2,2,8,1,2/3,3/3,2/2,3/5,5/8,3/12,NA,NA,1/1,1/3,1/2,1/3,2/19,1/1,1/5
AF046-Bn-Y1-S1-RH-4F-03,2,6,6,0,1,4,1,2,1,1,2,1,0,0,6,10,3,3,3,2,2,0,1,2,2,2,8,1,2/3,3/3,2/2,3/5,5/8,3/12,NA,NA,1/1,1/3,1/2,1/3,2/19,1/1,1/5
AF046-Bn-Y1-S2-LF-1F-01,1,8,4,0,0,4,1,3,2,0,1,0,0,1,1,9,3,4,4,2,1,0,1,1,2,0,6,0,2/3,3/3,2/2,3/5,7/8,2/12,NA,NA,1/1,NA,1/2,1/3,1/19,1/1,NA
AF046-Bn-Y1-S2-LF-1F-04,0,4,3,0,0,1,0,0,0,0,1,0,0,0,0,5,0,1,1,3,1,0,1,0,2,2,1,1,1/3,2/3,1/2,3/5,6/8,4/12,1/2,1/2,1/1,1/3,1/2,1/3,2/19,1/1,1/5
AF046-Bn-Y1-S2-LF-1F-07,2,6,6,0,1,4,1,2,1,1,2,1,0,0,6,10,3,3,3,2,2,0,1,2,2,2,8,1,2/3,3/3,2/2,3/5,5/8,3/12,NA,NA,1/1,1/3,1/2,1/3,2/19,1/1,1/5
AF046-Bn-Y1-S2-LF-1F-08,2,6,6,0,1,4,1,2,1,1,2,1,0,0,6,10,3,3,3,2,2,0,1,2,2,2,8,1,2/3,3/3,2/2,3/5,5/8,3/12,NA,NA,1/1,1/3,1/2,1/3,2/19,1/1,1/5
AF046-Bn-Y1-S2-LF-4F-01,1,8,4,0,0,4,1,3,2,0,1,0,0,1,1,9,3,4,4,2,1,0,1,1,2,0,6,0,2/3,3/3,2/2,3/5,7/8,2/12,NA,NA,1/1,NA,1/2,1/3,1/19,1/1,NA
AF046-Bn-Y1-S2-LF-4F-04,2,6,6,0,1,4,1,2,1,1,2,1,0,0,6,10,3,3,3,2,2,0,1,2,2,2,8,1,2/3,3/3,2/2,3/5,5/8,3/12,NA,NA,1/1,1/3,1/2,1/3,2/19,1/1,1/5
AF046-Bn-Y1-S2-LF-4F-05,1,8,4,0,0,4,1,3,2,0,1,0,0,1,1,9,3,4,4,2,1,0,1,1,2,0,6,0,2/3,3/3,2/2,3/5,7/8,2/12,NA,NA,1/1,NA,1/2,1/3,1/19,1/1,NA
AF046-Bn-Y1-S2-LF-4F-06,2,6,6,0,1,4,1,2,1,1,2,1,0,0,6,10,3,3,3,2,2,0,1,2,2,2,8,1,2/3,3/3,2/2,3/5,5/8,3/12,NA,NA,1/1,1/3,1/2,1/3,2/19,1/1,1/5
AF046-Bn-Y1-S2-RH-4F-01,2,8,4,0,2,3,1,5,3,1,2,1,1,0,2,16,1,4,4,2,3,0,1,0,2,2,10,1,2/3,3/3,2/2,3/5,7/8,3/12,NA,NA,1/1,1/3,1/2,1/3,1/19,1/1,1/5
AF046-Bn-Y1-S2-RH-4F-02,2,6,6,0,1,4,1,2,1,1,2,1,0,0,6,10,3,3,3,2,2,0,1,2,2,2,8,1,2/3,3/3,2/2,3/5,5/8,3/12,NA,NA,1/1,1/3,1/2,1/3,2/19,1/1,1/5
AF046-Bn-Y1-S2-RH-4F-03,2,6,6,0,1,4,1,2,1,1,2,1,0,0,6,10,3,3,3,2,2,0,1,2,2,2,8,1,2/3,3/3,2/2,3/5,5/8,3/12,NA,NA,1/1,1/3,1/2,1/3,2/19,1/1,1/5
AF047-Bn-Y1-S1-LF-15F-01,1,7,5,0,2,2,3,3,2,1,3,1,0,0,2,10,2,3,3,2,2,0,1,1,2,1,7,0,2/3,3/3,2/2,3/5,7/8,3/12,NA,NA,1/1,1/3,1/2,1/3,2/19,1/1,NA
AF047-Bn-Y1-S1-LF-4F-05,1,7,5,0,2,2,3,3,2,1,3,1,0,0,2,10,2,3,3,2,2,0,1,1,2,1,7,0,2/3,3/3,2/2,3/5,7/8,3/12,NA,NA,1/1,1/3,1/2,1/3,2/19,1/1,NA
AF047-Bn-Y1-S1-RH-4F-01,2,6,6,0,1,4,1,2,1,1,2,1,0,0,6,10,3,3,3,2,2,0,1,2,2,2,8,1,2/3,3/3,2/2,3/5,5/8,3/12,NA,NA,1/1,1/3,1/2,1/3,2/19,1/1,1/5
AF047-Bn-Y1-S1-RH-4F-02,1,8,4,0,0,4,1,3,2,0,1,0,0,1,1,9,3,4,4,2,1,0,1,1,2,0,6,0,2/3,3/3,2/2,3/5,7/8,2/12,NA,NA,1/1,NA,1/2,1/3,1/19,1/1,NA
AF047-Bn-Y1-S1-RH-4F-04,2,6,6,0,1,4,1,2,1,1,2,1,0,0,6,10,3,3,3,2,2,0,1,2,2,2,8,1,2/3,3/3,2/2,3/5,5/8,3/12,NA,NA,1/1,1/3,1/2,1/3,2/19,1/1,1/5
AF047-Bn-Y1-S2-LF-4F-04,1,8,4,0,0,4,1,3,2,0,1,0,0,1,1,9,3,4,4,2,1,0,1,1,2,0,6,0,2/3,3/3,2/2,3/5,7/8,2/12,NA,NA,1/1,NA,1/2,1/3,1/19,1/1,NA
AF047-Bn-Y1-S2-LF-4F-05,1,8,4,0,0,4,1,3,2,0,1,0,0,1,1,9,3,4,4,2,1,0,1,1,2,0,6,0,2/3,3/3,2/2,3/5,7/8,2/12,NA,NA,1/1,NA,1/2,1/3,1/19,1/1,NA
AF047-Bn-Y1-S2-RH-4F-04,0,4,3,0,0,1,0,0,0,0,1,0,0,0,0,5,0,1,1,3,1,0,1,0,2,2,1,1,1/3,2/3,1/2,3/5,6/8,4/12,1/2,1/2,1/1,1/3,1/2,1/3,2/19,1/1,1/5
AF048-Bn-Y1-S1-RO-4F-01,2,6,6,0,1,4,1,2,1,1,2,1,0,0,6,10,3,3,3,2,2,0,1,2,2,2,8,1,2/3,3/3,2/2,3/5,5/8,3/12,NA,NA,1/1,1/3,1/2,1/3,2/19,1/1,1/5
AF048-Bn-Y1-S1-RO-4F-02,2,6,6,0,1,4,1,2,1,1,2,1,0,0,6,10,3,3,3,2,2,0,1,2,2,2,8,1,2/3,3/3,2/2,3/5,5/8,3/12,NA,NA,1/1,1/3,1/2,1/3,2/19,1/1,1/5
AF048-Bn-Y1-S1-RO-4F-03,2,6,6,0,1,4,1,2,1,1,2,1,0,0,6,10,3,3,3,2,2,0,1,2,2,2,8,1,2/3,3/3,2/2,3/5,5/8,3/12,NA,NA,1/1,1/3,1/2,1/3,2/19,1/1,1/5
AF048-Bn-Y1-S2-LF-15F-01,1,7,5,0,2,2,3,3,2,1,3,1,0,0,2,10,2,3,3,2,2,0,1,1,2,1,7,0,2/3,3/3,2/2,3/5,7/8,3/12,NA,NA,1/1,1/3,1/2,1/3,2/19,1/1,NA
AF048-Bn-Y1-S2-LF-4F-01,0,4,3,0,0,1,0,0,0,0,1,0,0,0,0,5,0,1,1,3,1,0,1,0,2,2,1,1,1/3,2/3,1/2,3/5,6/8,4/12,1/2,1/2,1/1,1/3,1/2,1/3,2/19,1/1,1/5
AF048-Bn-Y1-S2-LF-4F-02,1,7,5,0,2,2,3,3,2,1,3,1,0,0,2,10,2,3,3,2,2,0,1,1,2,1,7,0,2/3,3/3,2/2,3/5,7/8,3/12,NA,NA,1/1,1/3,1/2,1/3,2/19,1/1,NA
AF048-Bn-Y1-S2-RO-4F-02,2,8,4,0,2,3,1,5,3,1,3,1,1,0,2,13,1,4,4,3,2,0,1,1,1,2,5,1,2/3,3/3,2/2,3/5,7/8,3/12,NA,NA,1/1,1/3,1/2,1/3,1/19,1/1,1/5
AF049-Ta-Y1-S1-RH-4F-01,2,6,6,0,1,4,1,2,1,1,2,1,0,0,6,10,3,3,3,2,2,0,1,2,2,2,8,1,2/3,3/3,2/2,3/5,5/8,3/12,NA,NA,1/1,1/3,1/2,1/3,2/19,1/1,1/5
AF049-Ta-Y1-S1-RH-4F-02,2,6,6,0,1,4,1,2,1,1,2,1,0,0,6,10,3,3,3,2,2,0,1,2,2,2,8,1,2/3,3/3,2/2,3/5,5/8,3/12,NA,NA,1/1,1/3,1/2,1/3,2/19,1/1,1/5
AF049-Ta-Y1-S1-RO-4F-01,2,6,5,0,2,2,2,4,2,1,2,1,0,1,3,12,1,3,3,2,0,0,1,0,2,1,6,0,2/3,3/3,2/2,3/5,7/8,3/12,NA,NA,1/1,1/3,1/2,1/3,2/19,1/1,NA
AF050-Ta-Y1-S1-RO-4F-01,3,10,4,0,2,4,2,5,3,1,2,1,1,0,2,17,2,4,4,4,2,0,1,1,3,2,8,1,2/3,3/3,2/2,3/5,7/8,3/12,NA,NA,1/1,1/3,1/2,1/3,1/19,1/1,1/5
AF050-Ta-Y1-S1-RO-4F-02,2,8,4,0,2,3,1,5,3,1,3,1,1,0,2,13,1,4,4,3,2,0,1,1,1,2,5,1,2/3,3/3,2/2,3/5,7/8,3/12,NA,NA,1/1,1/3,1/2,1/3,1/19,1/1,1/5
AF051-Ta-Y1-S1-LF-4F-01,2,8,4,0,2,3,1,5,3,1,3,1,1,0,2,13,1,4,4,3,2,0,1,1,1,2,5,1,2/3,3/3,2/2,3/5,7/8,3/12,NA,NA,1/1,1/3,1/2,1/3,1/19,1/1,1/5
AF051-Ta-Y1-S1-LF-4F-02,2,8,4,0,2,3,1,5,3,1,3,1,1,0,2,13,1,4,4,3,2,0,1,1,1,2,5,1,2/3,3/3,2/2,3/5,7/8,3/12,NA,NA,1/1,1/3,1/2,1/3,1/19,1/1,1/5
AF051-Ta-Y1-S1-LF-4F-03,3,10,4,0,2,4,2,5,3,1,2,1,1,0,2,17,2,4,4,4,2,0,1,1,3,2,8,1,2/3,3/3,2/2,3/5,7/8,3/12,NA,NA,1/1,1/3,1/2,1/3,1/19,1/1,1/5
AF053-Ta-Y1-S1-RH-4F-01,0,3,1,0,0,2,0,0,0,0,1,0,0,0,0,6,1,2,2,3,1,0,1,1,1,3,2,0,1/3,2/3,1/2,3/5,6/8,4/12,1/2,1/2,1/1,1/3,1/2,1/3,2/19,1/1,NA
AF053-Ta-Y1-S1-RH-4F-04,2,8,4,0,2,3,1,5,3,1,3,1,1,0,2,13,1,4,4,3,2,0,1,1,1,2,5,1,2/3,3/3,2/2,3/5,7/8,3/12,NA,NA,1/1,1/3,1/2,1/3,1/19,1/1,1/5
AF053-Ta-Y1-S1-RO-4F-02,3,10,4,0,2,4,2,5,3,1,2,1,1,0,2,17,2,4,4,4,2,0,1,1,3,2,8,1,2/3,3/3,2/2,3/5,7/8,3/12,NA,NA,1/1,1/3,1/2,1/3,1/19,1/1,1/5
AF054-Ta-Y1-S1-RH-4F-01,2,6,6,0,1,4,1,2,1,1,2,1,0,0,6,10,3,3,3,2,2,0,1,2,2,2,8,1,2/3,3/3,2/2,3/5,5/8,3/12,NA,NA,1/1,1/3,1/2,1/3,2/19,1/1,1/5
AF056-Ta-Y1-S1-RO-4F-01,1,8,4,0,0,4,1,3,2,0,1,0,0,1,1,9,3,4,4,2,1,0,1,1,2,0,6,0,2/3,3/3,2/2,3/5,7/8,2/12,NA,NA,1/1,NA,1/2,1/3,1/19,1/1,NA
AF056-Ta-Y1-S1-RO-4F-03,2,6,6,0,1,4,1,2,1,1,2,1,0,0,6,10,3,3,3,2,2,0,1,2,2,2,8,1,2/3,3/3,2/2,3/5,5/8,3/12,NA,NA,1/1,1/3,1/2,1/3,2/19,1/1,1/5
AF057-Ta-Y1-S1-LF-1F-02,2,6,6,0,1,4,1,2,1,1,2,1,0,0,6,10,3,3,3,2,2,0,1,2,2,2,8,1,2/3,3/3,2/2,3/5,5/8,3/12,NA,NA,1/1,1/3,1/2,1/3,2/19,1/1,1/5
AF058-Ta-Y1-S1-RH-1F-01,0,4,3,0,0,1,0,0,0,0,1,0,0,0,0,5,0,1,1,3,1,0,1,0,2,2,1,1,1/3,2/3,1/2,3/5,6/8,4/12,1/2,1/2,1/1,1/3,1/2,1/3,2/19,1/1,1/5
AF059-Ta-Y1-S1-LF-1F-01,2,6,6,0,1,4,1,2,1,1,2,1,0,0,6,10,3,3,3,2,2,0,1,2,2,2,8,1,2/3,3/3,2/2,3/5,5/8,3/12,NA,NA,1/1,1/3,1/2,1/3,2/19,1/1,1/5
AF059-Ta-Y1-S1-RO-4F-03,2,6,6,0,1,4,1,2,1,1,2,1,0,0,6,10,3,3,3,2,2,0,1,2,2,2,8,1,2/3,3/3,2/2,3/5,5/8,3/12,NA,NA,1/1,1/3,1/2,1/3,2/19,1/1,1/5
AF059-Ta-Y1-S1-RO-4F-04,2,8,4,0,2,3,1,5,3,1,3,1,1,0,2,13,1,4,4,3,2,0,1,1,1,2,5,1,2/3,3/3,2/2,3/5,7/8,3/12,NA,NA,1/1,1/3,1/2,1/3,1/19,1/1,1/5
AF060-Ta-Y1-S1-LF-4F-03,2,6,5,0,2,2,2,4,2,1,2,1,0,1,3,12,1,3,3,2,0,0,1,0,2,1,6,0,2/3,3/3,2/2,3/5,7/8,3/12,NA,NA,1/1,1/3,1/2,1/3,2/19,1/1,NA
AF061-Ta-Y1-S1-RH-4F-02,2,8,4,0,2,3,1,5,3,1,3,1,1,0,2,13,1,4,4,3,2,0,1,1,1,2,5,1,2/3,3/3,2/2,3/5,7/8,3/12,NA,NA,1/1,1/3,1/2,1/3,1/19,1/1,1/5
AF061-Ta-Y1-S1-RH-4F-03,1,9,3,0,1,1,0,3,2,0,3,1,1,0,3,9,2,3,3,2,2,0,1,1,2,0,6,0,2/3,3/3,2/2,3/5,5/8,3/12,NA,NA,1/1,1/3,1/2,1/3,1/19,1/1,NA
AF061-Ta-Y1-S1-RO-4F-01,2,8,4,0,2,3,1,5,3,1,3,1,1,0,2,13,1,4,4,3,2,0,1,1,1,2,5,1,2/3,3/3,2/2,3/5,7/8,3/12,NA,NA,1/1,1/3,1/2,1/3,1/19,1/1,1/5
AF061-Ta-Y1-S1-RO-4F-02,2,8,4,0,2,3,1,5,3,1,3,1,1,0,2,13,1,4,4,3,2,0,1,1,1,2,5,1,2/3,3/3,2/2,3/5,7/8,3/12,NA,NA,1/1,1/3,1/2,1/3,1/19,1/1,1/5
AF062-Ta-Y1-S1-LF-4F-01,2,8,4,0,2,3,1,5,3,1,3,1,1,0,2,13,1,4,4,3,2,0,1,1,1,2,5,1,2/3,3/3,2/2,3/5,7/8,3/12,NA,NA,1/1,1/3,1/2,1/3,1/19,1/1,1/5
AF063-Ta-Y1-S1-RO-4F-01,2,6,6,0,1,4,1,2,1,1,2,1,0,0,6,10,3,3,3,2,2,0,1,2,2,2,8,1,2/3,3/3,2/2,3/5,5/8,3/12,NA,NA,1/1,1/3,1/2,1/3,2/19,1/1,1/5
AF063-Ta-Y1-S1-RO-4F-04,2,6,6,0,1,4,1,2,1,1,2,1,0,0,6,10,3,3,3,2,2,0,1,2,2,2,8,1,2/3,3/3,2/2,3/5,5/8,3/12,NA,NA,1/1,1/3,1/2,1/3,2/19,1/1,1/5
AF064-Ta-Y1-S1-LF-4F-03,2,6,5,0,2,2,2,4,2,1,2,1,0,1,3,12,1,3,3,2,0,0,1,0,2,1,6,0,2/3,3/3,2/2,3/5,7/8,3/12,NA,NA,1/1,1/3,1/2,1/3,2/19,1/1,NA
AF064-Ta-Y1-S1-RH-4F-01,2,6,6,0,1,4,1,2,1,1,2,1,0,0,6,10,3,3,3,2,2,0,1,2,2,2,8,1,2/3,3/3,2/2,3/5,5/8,3/12,NA,NA,1/1,1/3,1/2,1/3,2/19,1/1,1/5
AF064-Ta-Y1-S1-RH-4F-03,2,8,4,0,2,3,1,5,3,1,3,1,1,0,2,13,1,4,4,3,2,0,1,1,1,2,5,1,2/3,3/3,2/2,3/5,7/8,3/12,NA,NA,1/1,1/3,1/2,1/3,1/19,1/1,1/5
AF066-Ta-Y1-S1-LF-4F-02,2,5,5,0,1,3,1,3,1,1,3,1,0,1,3,12,1,3,3,1,1,0,1,1,2,1,8,1,1/3,3/3,2/2,3/5,7/8,3/12,NA,NA,1/1,1/3,1/2,1/3,2/19,1/1,1/5
AF066-Ta-Y1-S1-LF-4F-04,2,6,6,0,1,4,1,2,1,1,2,1,0,0,6,10,3,3,3,2,2,0,1,2,2,2,8,1,2/3,3/3,2/2,3/5,5/8,3/12,NA,NA,1/1,1/3,1/2,1/3,2/19,1/1,1/5
AF066-Ta-Y1-S1-RO-4F-01,2,6,6,0,1,4,1,2,1,1,2,1,0,0,6,10,3,3,3,2,2,0,1,2,2,2,8,1,2/3,3/3,2/2,3/5,5/8,3/12,NA,NA,1/1,1/3,1/2,1/3,2/19,1/1,1/5
AF066-Ta-Y1-S1-RO-4F-03,2,6,6,0,1,4,1,2,1,1,2,1,0,0,6,10,3,3,3,2,2,0,1,2,2,2,8,1,2/3,3/3,2/2,3/5,5/8,3/12,NA,NA,1/1,1/3,1/2,1/3,2/19,1/1,1/5
AF066-Ta-Y1-S1-RO-4F-05,2,6,6,0,1,4,1,2,1,1,2,1,0,0,6,10,3,3,3,2,2,0,1,2,2,2,8,1,2/3,3/3,2/2,3/5,5/8,3/12,NA,NA,1/1,1/3,1/2,1/3,2/19,1/1,1/5
AF067-Ta-Y1-S1-LF-4F-01,2,5,5,0,1,3,1,3,1,1,3,1,0,1,3,12,1,3,3,1,1,0,1,1,2,1,8,1,1/3,3/3,2/2,3/5,7/8,3/12,NA,NA,1/1,1/3,1/2,1/3,2/19,1/1,1/5
AF067-Ta-Y1-S1-LF-4F-02,2,5,5,0,1,3,1,3,1,1,3,1,0,1,3,12,1,3,3,1,1,0,1,1,2,1,8,1,1/3,3/3,2/2,3/5,7/8,3/12,NA,NA,1/1,1/3,1/2,1/3,2/19,1/1,1/5
AF067-Ta-Y1-S1-RH-4F-02,2,6,6,0,1,4,1,2,1,1,2,1,0,0,6,10,3,3,3,2,2,0,1,2,2,2,8,1,2/3,3/3,2/2,3/5,5/8,3/12,NA,NA,1/1,1/3,1/2,1/3,2/19,1/1,1/5
AF067-Ta-Y1-S1-RO-4F-01,2,6,6,0,1,4,1,2,1,1,2,1,0,0,6,10,3,3,3,2,2,0,1,2,2,2,8,1,2/3,3/3,2/2,3/5,5/8,3/12,NA,NA,1/1,1/3,1/2,1/3,2/19,1/1,1/5
AF068-Ta-Y1-S1-LF-4F-01,2,6,5,0,2,2,2,4,2,1,2,1,0,1,3,12,1,3,3,2,0,0,1,0,2,1,6,0,2/3,3/3,2/2,3/5,7/8,3/12,NA,NA,1/1,1/3,1/2,1/3,2/19,1/1,NA
AF068-Ta-Y1-S1-LF-4F-02,2,6,5,0,2,2,2,4,2,1,2,1,0,1,3,12,1,3,3,2,0,0,1,0,2,1,6,0,2/3,3/3,2/2,3/5,7/8,3/12,NA,NA,1/1,1/3,1/2,1/3,2/19,1/1,NA
AF068-Ta-Y1-S1-LF-4F-03,2,6,5,0,2,2,2,4,2,1,2,1,0,1,3,12,1,3,3,2,0,0,1,0,2,1,6,0,2/3,3/3,2/2,3/5,7/8,3/12,NA,NA,1/1,1/3,1/2,1/3,2/19,1/1,NA
AF068-Ta-Y1-S1-LF-4F-04,2,6,5,0,2,2,2,4,2,1,2,1,0,1,3,12,1,3,3,2,0,0,1,0,2,1,6,0,2/3,3/3,2/2,3/5,7/8,3/12,NA,NA,1/1,1/3,1/2,1/3,2/19,1/1,NA
AF068-Ta-Y1-S1-LF-4F-06,2,6,5,0,2,2,2,4,2,1,2,1,0,1,3,12,1,3,3,2,0,0,1,0,2,1,6,0,2/3,3/3,2/2,3/5,7/8,3/12,NA,NA,1/1,1/3,1/2,1/3,2/19,1/1,NA
AF068-Ta-Y1-S1-LF-4F-07,2,6,6,0,1,4,1,2,1,1,2,1,0,0,6,10,3,3,3,2,2,0,1,2,2,2,8,1,2/3,3/3,2/2,3/5,5/8,3/12,NA,NA,1/1,1/3,1/2,1/3,2/19,1/1,1/5
AF068-Ta-Y1-S1-RH-4F-01,2,6,6,0,1,4,1,2,1,1,2,1,0,0,6,10,3,3,3,2,2,0,1,2,2,2,8,1,2/3,3/3,2/2,3/5,5/8,3/12,NA,NA,1/1,1/3,1/2,1/3,2/19,1/1,1/5
AF068-Ta-Y1-S1-RH-4F-02,2,8,4,0,2,3,1,5,3,1,3,1,1,0,2,13,1,4,4,3,2,0,1,1,1,2,5,1,2/3,3/3,2/2,3/5,7/8,3/12,NA,NA,1/1,1/3,1/2,1/3,1/19,1/1,1/5
AF068-Ta-Y1-S1-RH-4F-06,2,6,6,0,1,4,1,2,1,1,2,1,0,0,6,10,3,3,3,2,2,0,1,2,2,2,8,1,2/3,3/3,2/2,3/5,5/8,3/12,NA,NA,1/1,1/3,1/2,1/3,2/19,1/1,1/5
AF068-Ta-Y1-S1-RH-4F-07,2,6,6,0,1,4,1,2,1,1,2,1,0,0,6,10,3,3,3,2,2,0,1,2,2,2,8,1,2/3,3/3,2/2,3/5,5/8,3/12,NA,NA,1/1,1/3,1/2,1/3,2/19,1/1,1/5
AF068-Ta-Y1-S1-RH-4F-08,2,6,6,0,1,4,1,2,1,1,2,1,0,0,6,10,3,3,3,2,2,0,1,2,2,2,8,1,2/3,3/3,2/2,3/5,5/8,3/12,NA,NA,1/1,1/3,1/2,1/3,2/19,1/1,1/5
AF068-Ta-Y1-S1-RO-4F-02,2,8,4,0,2,3,1,5,3,1,3,1,1,0,2,13,1,4,4,3,2,0,1,1,1,2,5,1,2/3,3/3,2/2,3/5,7/8,3/12,NA,NA,1/1,1/3,1/2,1/3,1/19,1/1,1/5
AF069-Ta-Y1-S1-RH-4F-01,0,4,3,0,0,1,0,0,0,0,1,0,0,0,0,5,0,1,1,3,1,0,1,0,2,2,1,1,1/3,2/3,1/2,3/5,6/8,4/12,1/2,1/2,1/1,1/3,1/2,1/3,2/19,1/1,1/5
AF069-Ta-Y1-S1-RH-4F-04,2,6,6,0,1,4,1,2,1,1,2,1,0,0,6,10,3,3,3,2,2,0,1,2,2,2,8,1,2/3,3/3,2/2,3/5,5/8,3/12,NA,NA,1/1,1/3,1/2,1/3,2/19,1/1,1/5
AF070-Ta-Y1-S1-RH-4F-04,2,6,6,0,1,4,1,2,1,1,2,1,0,0,6,10,3,3,3,2,2,0,1,2,2,2,8,1,2/3,3/3,2/2,3/5,5/8,3/12,NA,NA,1/1,1/3,1/2,1/3,2/19,1/1,1/5
AF070-Ta-Y1-S1-RO-4F-01,1,7,5,0,2,2,3,3,2,1,3,1,0,0,2,10,2,3,3,2,2,0,1,1,2,1,7,0,2/3,3/3,2/2,3/5,7/8,3/12,NA,NA,1/1,1/3,1/2,1/3,2/19,1/1,NA
AF070-Ta-Y1-S1-RO-4F-03,2,8,4,0,2,3,1,5,3,1,3,1,1,0,2,13,1,4,4,3,2,0,1,1,1,2,5,1,2/3,3/3,2/2,3/5,7/8,3/12,NA,NA,1/1,1/3,1/2,1/3,1/19,1/1,1/5
AF070-Ta-Y1-S1-RO-4F-04,2,6,6,0,1,4,1,2,1,1,2,1,0,0,6,10,3,3,3,2,2,0,1,2,2,2,8,1,2/3,3/3,2/2,3/5,5/8,3/12,NA,NA,1/1,1/3,1/2,1/3,2/19,1/1,1/5
AF071-Ta-Y1-S1-LF-4F-04,2,8,4,0,2,3,1,5,3,1,3,1,1,0,2,13,1,4,4,3,2,0,1,1,1,2,5,1,2/3,3/3,2/2,3/5,7/8,3/12,NA,NA,1/1,1/3,1/2,1/3,1/19,1/1,1/5
AF073-Ta-Y1-S1-LF-4F-01,2,6,5,0,2,2,2,4,2,1,2,1,0,1,3,12,1,3,3,2,0,0,1,0,2,1,6,0,2/3,3/3,2/2,3/5,7/8,3/12,NA,NA,1/1,1/3,1/2,1/3,2/19,1/1,NA
AF073-Ta-Y1-S1-LF-4F-02,2,8,4,0,2,3,1,5,3,1,3,1,1,0,2,13,1,4,4,3,2,0,1,1,1,2,5,1,2/3,3/3,2/2,3/5,7/8,3/12,NA,NA,1/1,1/3,1/2,1/3,1/19,1/1,1/5
AF076-Ta-Y1-S1-LF-4F-05,3,10,4,0,2,4,2,5,3,1,2,1,1,0,2,17,2,4,4,4,2,0,1,1,3,2,8,1,2/3,3/3,2/2,3/5,7/8,3/12,NA,NA,1/1,1/3,1/2,1/3,1/19,1/1,1/5
AF076-Ta-Y1-S1-RH-4F-01,2,6,6,0,1,4,1,2,1,1,2,1,0,0,6,10,3,3,3,2,2,0,1,2,2,2,8,1,2/3,3/3,2/2,3/5,5/8,3/12,NA,NA,1/1,1/3,1/2,1/3,2/19,1/1,1/5
AF076-Ta-Y1-S1-RO-4F-03,2,6,6,0,1,4,1,2,1,1,2,1,0,0,6,10,3,3,3,2,2,0,1,2,2,2,8,1,2/3,3/3,2/2,3/5,5/8,3/12,NA,NA,1/1,1/3,1/2,1/3,2/19,1/1,1/5
AF077-Ta-Y1-S1-RO-4F-01,2,8,4,0,2,3,1,5,3,1,3,1,1,0,2,13,1,4,4,3,2,0,1,1,1,2,5,1,2/3,3/3,2/2,3/5,7/8,3/12,NA,NA,1/1,1/3,1/2,1/3,1/19,1/1,1/5
AF080-Ta-Y1-S1-LF-4F-01,2,6,5,0,2,2,2,4,2,1,2,1,0,1,3,12,1,3,3,2,0,0,1,0,2,1,6,0,2/3,3/3,2/2,3/5,7/8,3/12,NA,NA,1/1,1/3,1/2,1/3,2/19,1/1,NA
AF080-Ta-Y1-S1-LF-4F-03,2,6,5,0,2,2,2,4,2,1,2,1,0,1,3,12,1,3,3,2,0,0,1,0,2,1,6,0,2/3,3/3,2/2,3/5,7/8,3/12,NA,NA,1/1,1/3,1/2,1/3,2/19,1/1,NA
AF080-Ta-Y1-S1-LF-4F-04,2,8,4,0,2,3,1,5,3,1,3,1,1,0,2,13,1,4,4,3,2,0,1,1,1,2,5,1,2/3,3/3,2/2,3/5,7/8,3/12,NA,NA,1/1,1/3,1/2,1/3,1/19,1/1,1/5
AF080-Ta-Y1-S1-RH-4F-01,2,6,6,0,1,4,1,2,1,1,2,1,0,0,6,10,3,3,3,2,2,0,1,2,2,2,8,1,2/3,3/3,2/2,3/5,5/8,3/12,NA,NA,1/1,1/3,1/2,1/3,2/19,1/1,1/5
AF080-Ta-Y1-S1-RH-4F-03,2,6,6,0,1,4,1,2,1,1,2,1,0,0,6,10,3,3,3,2,2,0,1,2,2,2,8,1,2/3,3/3,2/2,3/5,5/8,3/12,NA,NA,1/1,1/3,1/2,1/3,2/19,1/1,1/5
AF080-Ta-Y1-S1-RO-4F-01,2,8,4,0,2,3,1,5,3,1,3,1,1,0,2,13,1,4,4,3,2,0,1,1,1,2,5,1,2/3,3/3,2/2,3/5,7/8,3/12,NA,NA,1/1,1/3,1/2,1/3,1/19,1/1,1/5
AF080-Ta-Y1-S1-RO-4F-04,2,6,6,0,1,4,1,2,1,1,2,1,0,0,6,10,3,3,3,2,2,0,1,2,2,2,8,1,2/3,3/3,2/2,3/5,5/8,3/12,NA,NA,1/1,1/3,1/2,1/3,2/19,1/1,1/5
AF081-Ta-Y1-S1-RH-1F-01,2,6,6,0,1,4,1,2,1,1,2,1,0,0,6,10,3,3,3,2,2,0,1,2,2,2,8,1,2/3,3/3,2/2,3/5,5/8,3/12,NA,NA,1/1,1/3,1/2,1/3,2/19,1/1,1/5
AF081-Ta-Y1-S1-RO-4F-02,2,6,6,0,1,4,1,2,1,1,2,1,0,0,6,10,3,3,3,2,2,0,1,2,2,2,8,1,2/3,3/3,2/2,3/5,5/8,3/12,NA,NA,1/1,1/3,1/2,1/3,2/19,1/1,1/5
AF082-Ta-Y1-S1-RH-4F-01,2,8,4,0,2,3,1,5,3,1,3,1,1,0,2,13,1,4,4,3,2,0,1,1,1,2,5,1,2/3,3/3,2/2,3/5,7/8,3/12,NA,NA,1/1,1/3,1/2,1/3,1/19,1/1,1/5
AF082-Ta-Y1-S1-RH-4F-03,2,8,4,0,2,3,1,5,3,1,3,1,1,0,2,13,1,4,4,3,2,0,1,1,1,2,5,1,2/3,3/3,2/2,3/5,7/8,3/12,NA,NA,1/1,1/3,1/2,1/3,1/19,1/1,1/5
AF083-Ta-Y1-S1-RO-4F-01,2,8,4,0,2,3,1,5,3,1,3,1,1,0,2,13,1,4,4,3,2,0,1,1,1,2,5,1,2/3,3/3,2/2,3/5,7/8,3/12,NA,NA,1/1,1/3,1/2,1/3,1/19,1/1,1/5
AF083-Ta-Y1-S1-RO-4F-02,2,6,6,0,1,4,1,2,1,1,2,1,0,0,6,10,3,3,3,2,2,0,1,2,2,2,8,1,2/3,3/3,2/2,3/5,5/8,3/12,NA,NA,1/1,1/3,1/2,1/3,2/19,1/1,1/5
AF084-Ta-Y1-S1-LF-4F-02,2,6,6,0,1,4,1,2,1,1,2,1,0,0,6,10,3,3,3,2,2,0,1,2,2,2,8,1,2/3,3/3,2/2,3/5,5/8,3/12,NA,NA,1/1,1/3,1/2,1/3,2/19,1/1,1/5
AF084-Ta-Y1-S1-LF-4F-03,2,7,4,0,2,5,2,3,1,1,2,1,1,0,4,9,2,3,3,2,1,1,2,1,1,2,11,0,2/3,3/3,2/2,3/5,5/8,3/12,NA,NA,1/1,1/3,2/2,1/3,2/19,1/1,NA
AF084-Ta-Y1-S1-RO-4F-01,0,6,6,0,0,2,0,0,0,0,3,0,0,0,1,11,2,3,3,2,1,0,1,0,2,1,6,2,1/3,2/3,1/2,3/5,6/8,3/12,NA,NA,1/1,1/3,1/2,1/3,1/19,1/1,1/5
AF084-Ta-Y1-S1-RO-4F-02,2,6,6,0,1,4,1,2,1,1,2,1,0,0,6,10,3,3,3,2,2,0,1,2,2,2,8,1,2/3,3/3,2/2,3/5,5/8,3/12,NA,NA,1/1,1/3,1/2,1/3,2/19,1/1,1/5
AF086-Ta-Y1-S1-RH-4F-06,2,6,6,0,1,4,1,2,1,1,2,1,0,0,6,10,3,3,3,2,2,0,1,2,2,2,8,1,2/3,3/3,2/2,3/5,5/8,3/12,NA,NA,1/1,1/3,1/2,1/3,2/19,1/1,1/5
AF087-Ta-Y1-S1-LF-4F-03,0,4,3,0,0,1,0,0,0,0,1,0,0,0,0,5,0,1,1,3,1,0,1,0,2,2,1,1,1/3,2/3,1/2,3/5,6/8,4/12,1/2,1/2,1/1,1/3,1/2,1/3,2/19,1/1,1/5
AF089-Ta-Y1-S1-RO-4F-01,2,8,4,0,2,3,1,5,3,1,3,1,1,0,2,13,1,4,4,3,2,0,1,1,1,2,5,1,2/3,3/3,2/2,3/5,7/8,3/12,NA,NA,1/1,1/3,1/2,1/3,1/19,1/1,1/5
AF089-Ta-Y1-S1-RO-4F-03,0,4,3,0,0,1,0,0,0,0,1,0,0,0,0,5,0,1,1,3,1,0,1,0,2,2,1,1,1/3,2/3,1/2,3/5,6/8,4/12,1/2,1/2,1/1,1/3,1/2,1/3,2/19,1/1,1/5
AF090-Ta-Y1-S1-RH-4F-01,2,8,4,0,2,3,1,5,3,1,3,1,1,0,2,13,1,4,4,3,2,0,1,1,1,2,5,1,2/3,3/3,2/2,3/5,7/8,3/12,NA,NA,1/1,1/3,1/2,1/3,1/19,1/1,1/5
AF091-Ta-Y1-S1-LF-4F-01,2,8,4,0,2,3,1,5,3,1,3,1,1,0,2,13,1,4,4,3,2,0,1,1,1,2,5,1,2/3,3/3,2/2,3/5,7/8,3/12,NA,NA,1/1,1/3,1/2,1/3,1/19,1/1,1/5
AF092-Ta-Y1-S1-RH-4F-01,2,8,4,0,2,3,1,5,3,1,3,1,1,0,2,13,1,4,4,3,2,0,1,1,1,2,5,1,2/3,3/3,2/2,3/5,7/8,3/12,NA,NA,1/1,1/3,1/2,1/3,1/19,1/1,1/5
AF092-Ta-Y1-S1-RH-4F-03,2,6,6,0,1,4,1,2,1,1,2,1,0,0,6,10,3,3,3,2,2,0,1,2,2,2,8,1,2/3,3/3,2/2,3/5,5/8,3/12,NA,NA,1/1,1/3,1/2,1/3,2/19,1/1,1/5
AF092-Ta-Y1-S1-RO-4F-03,1,8,4,0,0,4,1,3,2,0,1,0,0,1,1,9,3,4,4,2,1,0,1,1,2,0,6,0,2/3,3/3,2/2,3/5,7/8,2/12,NA,NA,1/1,NA,1/2,1/3,1/19,1/1,NA
AF093-Ta-Y1-S1-RH-4F-01,2,6,6,0,1,4,1,2,1,1,2,1,0,0,6,10,3,3,3,2,2,0,1,2,2,2,8,1,2/3,3/3,2/2,3/5,5/8,3/12,NA,NA,1/1,1/3,1/2,1/3,2/19,1/1,1/5
AF094-Ta-Y1-S1-RH-4F-02,2,6,6,0,1,4,1,2,1,1,2,1,0,0,6,10,3,3,3,2,2,0,1,2,2,2,8,1,2/3,3/3,2/2,3/5,5/8,3/12,NA,NA,1/1,1/3,1/2,1/3,2/19,1/1,1/5
AF094-Ta-Y1-S1-RH-4F-03,2,6,6,0,1,4,1,2,1,1,2,1,0,0,6,10,3,3,3,2,2,0,1,2,2,2,8,1,2/3,3/3,2/2,3/5,5/8,3/12,NA,NA,1/1,1/3,1/2,1/3,2/19,1/1,1/5
AF095-Ta-Y1-S1-LF-15F-01,0,4,3,0,0,1,0,0,0,0,1,0,0,0,0,5,0,1,1,3,1,0,1,0,2,2,1,1,1/3,2/3,1/2,3/5,6/8,4/12,1/2,1/2,1/1,1/3,1/2,1/3,2/19,1/1,1/5
AF096-Ta-Y1-S1-RH-4F-01,3,10,4,0,2,4,2,5,3,1,2,1,1,0,2,17,2,4,4,4,2,0,1,1,3,2,8,1,2/3,3/3,2/2,3/5,7/8,3/12,NA,NA,1/1,1/3,1/2,1/3,1/19,1/1,1/5
AF096-Ta-Y1-S1-RH-4F-02,2,6,6,0,1,4,1,2,1,1,2,1,0,0,6,10,3,3,3,2,2,0,1,2,2,2,8,1,2/3,3/3,2/2,3/5,5/8,3/12,NA,NA,1/1,1/3,1/2,1/3,2/19,1/1,1/5
AF096-Ta-Y1-S1-RH-4F-04,2,6,6,0,1,4,1,2,1,1,2,1,0,0,6,10,3,3,3,2,2,0,1,2,2,2,8,1,2/3,3/3,2/2,3/5,5/8,3/12,NA,NA,1/1,1/3,1/2,1/3,2/19,1/1,1/5
AF096-Ta-Y1-S1-RO-4F-02,2,6,6,0,1,4,1,2,1,1,2,1,0,0,6,10,3,3,3,2,2,0,1,2,2,2,8,1,2/3,3/3,2/2,3/5,5/8,3/12,NA,NA,1/1,1/3,1/2,1/3,2/19,1/1,1/5
AF096-Ta-Y1-S1-RO-4F-03,2,6,6,0,1,4,1,2,1,1,2,1,0,0,6,10,3,3,3,2,2,0,1,2,2,2,8,1,2/3,3/3,2/2,3/5,5/8,3/12,NA,NA,1/1,1/3,1/2,1/3,2/19,1/1,1/5
AF097-Ta-Y1-S1-LF-1F-02,3,10,4,0,2,4,2,5,3,1,2,1,1,0,2,17,2,4,4,4,2,0,1,1,3,2,8,1,2/3,3/3,2/2,3/5,7/8,3/12,NA,NA,1/1,1/3,1/2,1/3,1/19,1/1,1/5
AF097-Ta-Y1-S1-RH-4F-02,2,6,6,0,1,4,1,2,1,1,2,1,0,0,6,10,3,3,3,2,2,0,1,2,2,2,8,1,2/3,3/3,2/2,3/5,5/8,3/12,NA,NA,1/1,1/3,1/2,1/3,2/19,1/1,1/5
AF097-Ta-Y1-S1-RH-4F-03,2,6,6,0,1,4,1,2,1,1,2,1,0,0,6,10,3,3,3,2,2,0,1,2,2,2,8,1,2/3,3/3,2/2,3/5,5/8,3/12,NA,NA,1/1,1/3,1/2,1/3,2/19,1/1,1/5
AF097-Ta-Y1-S1-RH-4F-04,2,6,6,0,1,4,1,2,1,1,2,1,0,0,6,10,3,3,3,2,2,0,1,2,2,2,8,1,2/3,3/3,2/2,3/5,5/8,3/12,NA,NA,1/1,1/3,1/2,1/3,2/19,1/1,1/5
AF097-Ta-Y1-S1-RO-4F-01,2,6,6,0,1,4,1,2,1,1,2,1,0,0,6,10,3,3,3,2,2,0,1,2,2,2,8,1,2/3,3/3,2/2,3/5,5/8,3/12,NA,NA,1/1,1/3,1/2,1/3,2/19,1/1,1/5
AF097-Ta-Y1-S1-RO-4F-02,2,6,5,0,2,2,2,4,2,1,2,1,0,1,3,12,1,3,3,2,0,0,1,0,2,1,6,0,2/3,3/3,2/2,3/5,7/8,3/12,NA,NA,1/1,1/3,1/2,1/3,2/19,1/1,NA
AF097-Ta-Y1-S1-RO-4F-03,2,6,6,0,1,4,1,2,1,1,2,1,0,0,6,10,3,3,3,2,2,0,1,2,2,2,8,1,2/3,3/3,2/2,3/5,5/8,3/12,NA,NA,1/1,1/3,1/2,1/3,2/19,1/1,1/5
AF097-Ta-Y1-S1-RO-4F-04,2,6,6,0,1,4,1,2,1,1,2,1,0,0,6,10,3,3,3,2,2,0,1,2,2,2,8,1,2/3,3/3,2/2,3/5,5/8,3/12,NA,NA,1/1,1/3,1/2,1/3,2/19,1/1,1/5
AF097-Ta-Y1-S1-RO-4F-06,2,8,4,0,2,3,1,5,3,1,3,1,1,0,2,13,1,4,4,3,2,0,1,1,1,2,5,1,2/3,3/3,2/2,3/5,7/8,3/12,NA,NA,1/1,1/3,1/2,1/3,1/19,1/1,1/5
AF097-Ta-Y1-S1-RO-4F-07,2,6,6,0,1,4,1,2,1,1,2,1,0,0,6,10,3,3,3,2,2,0,1,2,2,2,8,1,2/3,3/3,2/2,3/5,5/8,3/12,NA,NA,1/1,1/3,1/2,1/3,2/19,1/1,1/5
AF097-Ta-Y1-S1-RO-4F-08,2,6,6,0,1,4,1,2,1,1,2,1,0,0,6,10,3,3,3,2,2,0,1,2,2,2,8,1,2/3,3/3,2/2,3/5,5/8,3/12,NA,NA,1/1,1/3,1/2,1/3,2/19,1/1,1/5
AF098-Ta-Y1-S1-LF-1F-01,2,8,4,0,2,3,1,5,3,1,3,1,1,0,2,13,1,4,4,3,2,0,1,1,1,2,5,1,2/3,3/3,2/2,3/5,7/8,3/12,NA,NA,1/1,1/3,1/2,1/3,1/19,1/1,1/5
AF098-Ta-Y1-S1-LF-1F-03,2,8,4,0,2,3,1,5,3,1,3,1,1,0,2,13,1,4,4,3,2,0,1,1,1,2,5,1,2/3,3/3,2/2,3/5,7/8,3/12,NA,NA,1/1,1/3,1/2,1/3,1/19,1/1,1/5
AF098-Ta-Y1-S1-RH-4F-01,2,8,4,0,2,3,1,5,3,1,3,1,1,0,2,13,1,4,4,3,2,0,1,1,1,2,5,1,2/3,3/3,2/2,3/5,7/8,3/12,NA,NA,1/1,1/3,1/2,1/3,1/19,1/1,1/5
AF098-Ta-Y1-S1-RH-4F-03,2,8,4,0,2,3,1,5,3,1,3,1,1,0,2,13,1,4,4,3,2,0,1,1,1,2,5,1,2/3,3/3,2/2,3/5,7/8,3/12,NA,NA,1/1,1/3,1/2,1/3,1/19,1/1,1/5
AF098-Ta-Y1-S1-RH-4F-04,1,7,5,0,2,2,3,3,2,1,3,1,0,0,2,10,2,3,3,2,2,0,1,1,2,1,7,0,2/3,3/3,2/2,3/5,7/8,3/12,NA,NA,1/1,1/3,1/2,1/3,2/19,1/1,NA
AF098-Ta-Y1-S1-RH-4F-05,2,6,6,0,1,4,1,2,1,1,2,1,0,0,6,10,3,3,3,2,2,0,1,2,2,2,8,1,2/3,3/3,2/2,3/5,5/8,3/12,NA,NA,1/1,1/3,1/2,1/3,2/19,1/1,1/5
AF098-Ta-Y1-S1-RO-4F-01,2,5,5,0,1,3,1,3,1,1,3,1,0,1,3,12,1,3,3,1,1,0,1,1,2,1,8,1,1/3,3/3,2/2,3/5,7/8,3/12,NA,NA,1/1,1/3,1/2,1/3,2/19,1/1,1/5
AF098-Ta-Y1-S1-RO-4F-02,2,8,4,0,2,3,1,5,3,1,3,1,1,0,2,13,1,4,4,3,2,0,1,1,1,2,5,1,2/3,3/3,2/2,3/5,7/8,3/12,NA,NA,1/1,1/3,1/2,1/3,1/19,1/1,1/5
AF099-Ta-Y1-S1-RO-4F-01,2,7,4,0,2,2,0,3,2,1,1,1,0,0,1,9,2,3,3,3,1,0,1,1,2,1,3,0,2/3,3/3,2/2,3/5,7/8,3/12,NA,NA,1/1,1/3,1/2,1/3,1/19,1/1,NA
AF099-Ta-Y1-S1-RO-4F-02,1,7,5,0,2,2,3,3,2,1,3,1,0,0,2,10,2,3,3,2,2,0,1,1,2,1,7,0,2/3,3/3,2/2,3/5,7/8,3/12,NA,NA,1/1,1/3,1/2,1/3,2/19,1/1,NA
AF099-Ta-Y1-S1-RO-4F-03,1,7,5,0,2,2,3,3,2,1,3,1,0,0,2,10,2,3,3,2,2,0,1,1,2,1,7,0,2/3,3/3,2/2,3/5,7/8,3/12,NA,NA,1/1,1/3,1/2,1/3,2/19,1/1,NA
AF099-Ta-Y1-S1-RO-4F-05,3,10,4,0,2,4,2,5,3,1,2,1,1,0,2,17,2,4,4,4,2,0,1,1,3,2,8,1,2/3,3/3,2/2,3/5,7/8,3/12,NA,NA,1/1,1/3,1/2,1/3,1/19,1/1,1/5
AF099-Ta-Y1-S1-RO-4F-06,2,8,4,0,2,3,1,5,3,1,3,1,1,0,2,13,1,4,4,3,2,0,1,1,1,2,5,1,2/3,3/3,2/2,3/5,7/8,3/12,NA,NA,1/1,1/3,1/2,1/3,1/19,1/1,1/5
AF099-Ta-Y1-S1-RO-4F-07,2,8,4,0,2,3,1,5,3,1,3,1,1,0,2,13,1,4,4,3,2,0,1,1,1,2,5,1,2/3,3/3,2/2,3/5,7/8,3/12,NA,NA,1/1,1/3,1/2,1/3,1/19,1/1,1/5
AF100-Ta-Y1-S1-LF-1F-01,0,4,3,0,0,1,0,0,0,0,1,0,0,0,0,5,0,1,1,3,1,0,1,0,2,2,1,1,1/3,2/3,1/2,3/5,6/8,4/12,1/2,1/2,1/1,1/3,1/2,1/3,2/19,1/1,1/5
AF100-Ta-Y1-S1-RH-4F-04,1,7,5,0,2,2,3,3,2,1,3,1,0,0,2,10,2,3,3,2,2,0,1,1,2,1,7,0,2/3,3/3,2/2,3/5,7/8,3/12,NA,NA,1/1,1/3,1/2,1/3,2/19,1/1,NA
AF100-Ta-Y1-S1-RH-4F-06,2,6,5,0,2,2,2,4,2,1,2,1,0,1,3,12,1,3,3,2,0,0,1,0,2,1,6,0,2/3,3/3,2/2,3/5,7/8,3/12,NA,NA,1/1,1/3,1/2,1/3,2/19,1/1,NA
